#
# There is insufficient memory for the Java Runtime Environment to continue.
# Native memory allocation (mmap) failed to map 65536 bytes. Error detail: Failed to commit metaspace.
# Possible reasons:
#   The system is out of physical RAM or swap space
#   This process is running with CompressedOops enabled, and the Java Heap may be blocking the growth of the native heap
# Possible solutions:
#   Reduce memory load on the system
#   Increase physical memory or swap space
#   Check if swap backing store is full
#   Decrease Java heap size (-Xmx/-Xms)
#   Decrease number of Java threads
#   Decrease Java thread stack sizes (-Xss)
#   Set larger code cache with -XX:ReservedCodeCacheSize=
#   JVM is running with Unscaled Compressed Oops mode in which the Java heap is
#     placed in the first 4GB address space. The Java Heap base address is the
#     maximum limit for the native heap growth. Please use -XX:HeapBaseMinAddress
#     to set the Java Heap base and to place the Java Heap above 4GB virtual address.
# This output file may be truncated or incomplete.
#
#  Out of Memory Error (virtualSpaceNode.cpp:113), pid=14224, tid=7576
#
# JRE version: OpenJDK Runtime Environment JBR-25.0.2+1-329.117-jcef (25.0.2+1) (build 25.0.2+1-b329.117)
# Java VM: OpenJDK 64-Bit Server VM JBR-25.0.2+1-329.117-jcef (25.0.2+1-b329.117, mixed mode, tiered, compressed oops, compressed class ptrs, g1 gc, windows-amd64)
# No core dump will be written. Minidumps are not enabled by default on client versions of Windows
#

---------------  S U M M A R Y ------------

Command Line: git4idea.http.GitAskPassApp Username for 'https://github.com': 

Host: Intel(R) Core(TM) i5-2410M CPU @ 2.30GHz, 4 cores, 7G,  Windows 10 , 64 bit Build 19041 (10.0.19041.5915)
Time: Tue Jun 30 16:52:13 2026 Sri Lanka Standard Time elapsed time: 5.055129 seconds (0d 0h 0m 5s)

---------------  T H R E A D  ---------------

Current thread (0x00000151ff7ad370):  JavaThread "HttpClient-1-Worker-0" daemon [_thread_in_vm, id=7576, stack(0x0000004091900000,0x0000004091a00000) (1024K)]

Stack: [0x0000004091900000,0x0000004091a00000]
Native frames: (J=compiled Java code, j=interpreted, Vv=VM code, C=native code)
V  [jvm.dll+0x7c0cc9]  (no source info available)
V  [jvm.dll+0x78a49d]  (no source info available)
V  [jvm.dll+0xa0e693]  (no source info available)
V  [jvm.dll+0xa10e8c]  (no source info available)
V  [jvm.dll+0xa11583]  (no source info available)
V  [jvm.dll+0x307b46]  (no source info available)
V  [jvm.dll+0xa0a7cf]  (no source info available)
V  [jvm.dll+0x7550a4]  (no source info available)
V  [jvm.dll+0x261af7]  (no source info available)
V  [jvm.dll+0x2618be]  (no source info available)
V  [jvm.dll+0x757ac6]  (no source info available)
V  [jvm.dll+0x757787]  (no source info available)
V  [jvm.dll+0x2a40c2]  (no source info available)
V  [jvm.dll+0x755ace]  (no source info available)
V  [jvm.dll+0x2ebe35]  (no source info available)
V  [jvm.dll+0x2934af]  (no source info available)
V  [jvm.dll+0x2893f2]  (no source info available)
V  [jvm.dll+0x67fe9e]  (no source info available)
V  [jvm.dll+0x97d073]  (no source info available)
V  [jvm.dll+0x97d1eb]  (no source info available)
V  [jvm.dll+0x528c10]  (no source info available)
V  [jvm.dll+0x52e9f5]  (no source info available)
C  [java.dll+0x17f2]  (no source info available)
C  0x0000015187afc77a  (no source info available)

The last pc belongs to native nmethod (printed below).
Java frames: (J=compiled Java code, j=interpreted, Vv=VM code)
J 881  java.lang.ClassLoader.defineClass1(Ljava/lang/ClassLoader;Ljava/lang/String;[BIILjava/security/ProtectionDomain;Ljava/lang/String;)Ljava/lang/Class; java.base@25.0.2 (0 bytes) @ 0x0000015187afc741 [0x0000015187afc680+0x00000000000000c1]
j  java.lang.ClassLoader.defineClass(Ljava/lang/String;[BIILjava/security/ProtectionDomain;)Ljava/lang/Class;+27 java.base@25.0.2
j  java.lang.ClassLoader.defineClass(Ljava/lang/String;Ljava/nio/ByteBuffer;Ljava/security/ProtectionDomain;)Ljava/lang/Class;+38 java.base@25.0.2
j  java.security.SecureClassLoader.defineClass(Ljava/lang/String;Ljava/nio/ByteBuffer;Ljava/security/CodeSource;)Ljava/lang/Class;+8 java.base@25.0.2
j  jdk.internal.loader.BuiltinClassLoader.defineClass(Ljava/lang/String;Ljdk/internal/loader/BuiltinClassLoader$LoadedModule;)Ljava/lang/Class;+127 java.base@25.0.2
j  jdk.internal.loader.BuiltinClassLoader.findClassInModuleOrNull(Ljdk/internal/loader/BuiltinClassLoader$LoadedModule;Ljava/lang/String;)Ljava/lang/Class;+7 java.base@25.0.2
J 830 c1 jdk.internal.loader.BuiltinClassLoader.loadClassOrNull(Ljava/lang/String;Z)Ljava/lang/Class; java.base@25.0.2 (143 bytes) @ 0x0000015180101a2c [0x0000015180101580+0x00000000000004ac]
J 850 c1 jdk.internal.loader.BuiltinClassLoader.loadClass(Ljava/lang/String;Z)Ljava/lang/Class; java.base@25.0.2 (22 bytes) @ 0x0000015180108e84 [0x0000015180108d80+0x0000000000000104]
J 849 c1 java.lang.ClassLoader.loadClass(Ljava/lang/String;)Ljava/lang/Class; java.base@25.0.2 (7 bytes) @ 0x0000015180108b84 [0x0000015180108a80+0x0000000000000104]
v  ~StubRoutines::call_stub 0x00000151875312ed
J 881  java.lang.ClassLoader.defineClass1(Ljava/lang/ClassLoader;Ljava/lang/String;[BIILjava/security/ProtectionDomain;Ljava/lang/String;)Ljava/lang/Class; java.base@25.0.2 (0 bytes) @ 0x0000015187afc741 [0x0000015187afc680+0x00000000000000c1]
j  java.lang.ClassLoader.defineClass(Ljava/lang/String;[BIILjava/security/ProtectionDomain;)Ljava/lang/Class;+27 java.base@25.0.2
j  java.lang.ClassLoader.defineClass(Ljava/lang/String;Ljava/nio/ByteBuffer;Ljava/security/ProtectionDomain;)Ljava/lang/Class;+38 java.base@25.0.2
j  java.security.SecureClassLoader.defineClass(Ljava/lang/String;Ljava/nio/ByteBuffer;Ljava/security/CodeSource;)Ljava/lang/Class;+8 java.base@25.0.2
j  jdk.internal.loader.BuiltinClassLoader.defineClass(Ljava/lang/String;Ljdk/internal/loader/BuiltinClassLoader$LoadedModule;)Ljava/lang/Class;+127 java.base@25.0.2
j  jdk.internal.loader.BuiltinClassLoader.findClassInModuleOrNull(Ljdk/internal/loader/BuiltinClassLoader$LoadedModule;Ljava/lang/String;)Ljava/lang/Class;+7 java.base@25.0.2
J 830 c1 jdk.internal.loader.BuiltinClassLoader.loadClassOrNull(Ljava/lang/String;Z)Ljava/lang/Class; java.base@25.0.2 (143 bytes) @ 0x0000015180101a2c [0x0000015180101580+0x00000000000004ac]
J 850 c1 jdk.internal.loader.BuiltinClassLoader.loadClass(Ljava/lang/String;Z)Ljava/lang/Class; java.base@25.0.2 (22 bytes) @ 0x0000015180108e84 [0x0000015180108d80+0x0000000000000104]
J 849 c1 java.lang.ClassLoader.loadClass(Ljava/lang/String;)Ljava/lang/Class; java.base@25.0.2 (7 bytes) @ 0x0000015180108b84 [0x0000015180108a80+0x0000000000000104]
v  ~StubRoutines::call_stub 0x00000151875312ed
j  jdk.internal.net.http.common.SSLFlowDelegate.<init>(Ljavax/net/ssl/SSLEngine;Ljava/util/concurrent/Executor;Ljava/util/function/Consumer;Ljava/util/concurrent/Flow$Subscriber;Ljava/util/concurrent/Flow$Subscriber;)V+92 java.net.http@25.0.2
j  jdk.internal.net.http.common.SSLTube$SSLTubeFlowDelegate.<init>(Ljdk/internal/net/http/common/SSLTube;Ljavax/net/ssl/SSLEngine;Ljava/util/concurrent/Executor;Ljava/util/function/Consumer;Ljdk/internal/net/http/common/SSLTube$SSLSubscriberWrapper;Ljdk/internal/net/http/common/FlowTube;)V+19 java.net.http@25.0.2
j  jdk.internal.net.http.common.SSLTube.<init>(Ljavax/net/ssl/SSLEngine;Ljava/util/concurrent/Executor;Ljava/util/function/Consumer;Ljdk/internal/net/http/common/FlowTube;)V+108 java.net.http@25.0.2
j  jdk.internal.net.http.AsyncSSLConnection.lambda$connectAsync$0(Ljava/lang/Void;)Ljava/lang/Void;+40 java.net.http@25.0.2
j  jdk.internal.net.http.AsyncSSLConnection$$Lambda+0x0000000003183b38.apply(Ljava/lang/Object;)Ljava/lang/Object;+8 java.net.http@25.0.2
j  java.util.concurrent.CompletableFuture$UniApply.tryFire(I)Ljava/util/concurrent/CompletableFuture;+106 java.base@25.0.2
j  java.util.concurrent.CompletableFuture.postComplete()V+76 java.base@25.0.2
j  java.util.concurrent.CompletableFuture$AsyncSupply.run()V+57 java.base@25.0.2
j  java.util.concurrent.ThreadPoolExecutor.runWorker(Ljava/util/concurrent/ThreadPoolExecutor$Worker;)V+92 java.base@25.0.2
j  java.util.concurrent.ThreadPoolExecutor$Worker.run()V+5 java.base@25.0.2
j  java.lang.Thread.runWith(Ljava/lang/Object;Ljava/lang/Runnable;)V+5 java.base@25.0.2
j  java.lang.Thread.run()V+19 java.base@25.0.2
v  ~StubRoutines::call_stub 0x00000151875312ed
Lock stack of current Java thread (top to bottom):
LockStack[1]: java.lang.Object 
{0x0000000088848bb8} - klass: 'java/lang/Object' - flags: 

 - ---- fields (total size 2 words):
LockStack[0]: java.lang.Object 
{0x0000000088843ae0} - klass: 'java/lang/Object' - flags: 

 - ---- fields (total size 2 words):


Compiled method (n/a) 5415  881     n 0       java.lang.ClassLoader::defineClass1 (native)
 total in heap  [0x0000015187afc588,0x0000015187afc9a8] = 1056
 main code      [0x0000015187afc680,0x0000015187afc9a8] = 808
 mutable data [0x00000151ff797e20,0x00000151ff797e40] = 32
 relocation     [0x00000151ff797e20,0x00000151ff797e40] = 32

[Constant Pool (empty)]

[MachCode]
[Entry Point]
  # {method} {0x000001518f029160} 'defineClass1' '(Ljava/lang/ClassLoader;Ljava/lang/String;[BIILjava/security/ProtectionDomain;Ljava/lang/String;)Ljava/lang/Class;' in 'java/lang/ClassLoader'
  # parm0:    rdx:rdx   = 'java/lang/ClassLoader'
  # parm1:    r8:r8     = 'java/lang/String'
  # parm2:    r9:r9     = '[B'
  # parm3:    rdi       = int
  # parm4:    rsi       = int
  # parm5:    rcx:rcx   = 'java/security/ProtectionDomain'
  # parm6:    [sp+0xa0]   = 'java/lang/String'  (sp of caller)
  0x0000015187afc680: 6690 448b | 5208 443b 

  0x0000015187afc688: ;   {runtime_call Shared Runtime ic_miss_blob}
  0x0000015187afc688: 5008 0f85 | 5024 a8ff 
[Verified Entry Point]
  0x0000015187afc690: 8984 2400 | 80ff ff55 | 488b ec48 | 81ec 9000 | 0000 6690 | 4181 7f20 | 0100 0000 

  0x0000015187afc6ac: ;   {runtime_call Stub::method_entry_barrier}
  0x0000015187afc6ac: 7405 e82d | 7ca6 ff48 | 837d 1000 | 488d 4510 | 480f 4445 | 1048 8944 | 2440 4889 | 4c24 7048 
  0x0000015187afc6cc: 83f9 0048 | 8d44 2470 | 480f 4444 | 2470 4889 | 4424 3848 | 8974 2430 | 4889 7c24 | 284c 894c 
  0x0000015187afc6ec: 2458 4983 | f900 488d | 4424 5848 | 0f44 4424 | 5848 8944 | 2420 4c89 | 4424 5049 | 83f8 004c 
  0x0000015187afc70c: 8d4c 2450 | 4c0f 444c | 2450 4889 | 5424 4848 | 83fa 004c | 8d44 2448 | 4c0f 4444 

  0x0000015187afc728: ;   {oop(a 'java/lang/Class'{0x0000000089301020} = 'java/lang/ClassLoader')}
  0x0000015187afc728: 2448 49be | 2010 3089 | 0000 0000 | 4c89 7424 | 784c 8d74 | 2478 498b | d6c5 f877 

  0x0000015187afc744: ;   {internal_word}
  0x0000015187afc744: 49ba 41c7 | af87 5101 | 0000 4d89 | 9730 0400 | 0049 89a7 | 2804 0000 | 498d 8f48 | 0400 0041 
  0x0000015187afc764: c787 d404 | 0000 0400 

  0x0000015187afc76c: ;   {runtime_call}
  0x0000015187afc76c: 0000 48b8 | a816 6490 | ff7f 0000 | ffd0 c5f8 | 7741 c787 | d404 0000 | 0500 0000 | f083 4424 
  0x0000015187afc78c: c000 493b | 6f28 0f87 | 0e00 0000 | 4183 bfd0 | 0400 0000 | 0f84 2b00 | 0000 c5f8 | 7748 8945 
  0x0000015187afc7ac: f849 8bcf | 4c8b e448 | 83ec 2048 

  0x0000015187afc7b8: ;   {runtime_call}
  0x0000015187afc7b8: 83e4 f048 | b8e0 a0a6 | 76ff 7f00 | 00ff d049 | 8be4 4d33 | e448 8b45 | f841 c787 | d404 0000 
  0x0000015187afc7d8: 0800 0000 | 4183 bf50 | 0500 0002 | 0f84 9101 | 0000 49c7 | 8728 0400 | 0000 0000 | 0049 c787 
  0x0000015187afc7f8: 3004 0000 | 0000 0000 | c5f8 7748 | 85c0 0f84 | 2f01 0000 | a803 0f85 | 0800 0000 | 488b 00e9 
  0x0000015187afc818: 1f01 0000 | a801 0f85 | 0900 0000 | 488b 40fe | e90e 0100 | 0048 8b40 | ff41 807f | 4800 0f84 
  0x0000015187afc838: ff00 0000 | 4883 f800 | 0f84 f500 | 0000 498b | 4f38 4885 | c90f 8414 | 0000 0048 | 83e9 0849 
  0x0000015187afc858: 894f 3849 | 034f 4048 | 8901 e9d4 | 0000 0048 | 83ec 7048 | 8904 2448 | 894c 2408 | 4889 5424 
  0x0000015187afc878: 104c 8944 | 2418 4c89 | 4c24 204c | 8954 2428 | 4c89 5c24 | 30c5 fb11 | 4424 40c5 | fb11 4c24 
  0x0000015187afc898: 48c5 fb11 | 5424 50c5 | fb11 5c24 | 58c5 fb11 | 6424 60c5 | fb11 6c24 | 6849 8bd7 | 488b c848 
  0x0000015187afc8b8: ;   {other}
  0x0000015187afc8b8: 83ec 2040 | f6c4 0f0f | 8419 0000 | 0048 83ec 

  0x0000015187afc8c8: ;   {runtime_call}
  0x0000015187afc8c8: 0848 b8d0 | 3399 76ff | 7f00 00ff | d048 83c4 | 08e9 0c00 

  0x0000015187afc8dc: ;   {runtime_call}
  0x0000015187afc8dc: 0000 48b8 | d033 9976 | ff7f 0000 | ffd0 4883 | c420 c5fb | 106c 2468 | c5fb 1064 | 2460 c5fb 
  0x0000015187afc8fc: 105c 2458 | c5fb 1054 | 2450 c5fb | 104c 2448 | c5fb 1044 | 2440 4c8b | 5c24 304c | 8b54 2428 
  0x0000015187afc91c: 4c8b 4c24 | 204c 8b44 | 2418 488b | 5424 1048 | 8b4c 2408 | 488b 0424 | 4883 c470 | c5f8 7749 
  0x0000015187afc93c: 8b8f b804 | 0000 c781 | 0001 0000 | 0000 0000 

  0x0000015187afc94c: ;   {poll_return}
  0x0000015187afc94c: c941 f647 | 2801 7416 

  0x0000015187afc954: ;   {internal_word}
  0x0000015187afc954: 49ba 4dc9 | af87 5101 | 0000 4d89 | 97e0 0400 

  0x0000015187afc964: ;   {runtime_call SafepointBlob}
  0x0000015187afc964: 00e9 f645 | a8ff 4983 | 7f08 000f | 8501 0000 

  0x0000015187afc974: ;   {runtime_call Stub::forward_exception}
  0x0000015187afc974: 00c3 e965 | 48a3 ffc5 | f877 4889 | 45f8 4c8b | e448 83ec | 2048 83e4 

  0x0000015187afc98c: ;   {runtime_call}
  0x0000015187afc98c: f048 b830 | a9e0 76ff | 7f00 00ff | d049 8be4 | 4d33 e448 | 8b45 f8e9 | 42fe ffff 
[/MachCode]


Compiled method (c1) 5460  830   !   3       jdk.internal.loader.BuiltinClassLoader::loadClassOrNull (143 bytes)
 total in heap  [0x0000015180101488,0x0000015180102508] = 4224
 main code      [0x0000015180101580,0x0000015180102448] = 3784
 stub code      [0x0000015180102448,0x0000015180102508] = 192
 mutable data [0x00000151fed7b630,0x00000151fed7b7c8] = 408
 relocation     [0x00000151fed7b630,0x00000151fed7b778] = 328
 metadata       [0x00000151fed7b778,0x00000151fed7b7c8] = 80
 immutable data [0x00000151ff447fa0,0x00000151ff4484b8] = 1304
 dependencies   [0x00000151ff447fa0,0x00000151ff447fc0] = 32
 nul chk table  [0x00000151ff447fc0,0x00000151ff447fe8] = 40
 handler table  [0x00000151ff447fe8,0x00000151ff448138] = 336
 scopes pcs     [0x00000151ff448138,0x00000151ff4482e8] = 432
 scopes data    [0x00000151ff4482e8,0x00000151ff4484b8] = 464

[Constant Pool (empty)]

[MachCode]
[Instructions begin]
  0x0000015180101580: 6666 660f | 1f84 0000 | 0000 0066 | 6666 9066 | 6690 448b | 5208 443b 

  0x0000015180101598: ;   {runtime_call Shared Runtime ic_miss_blob}
  0x0000015180101598: 5008 0f85 | 40d5 4707 
[Verified Entry Point]
  0x00000151801015a0: 8984 2400 | 80ff ff55 | 4881 ec90 | 0000 0090 | 4181 7f20 | 0100 0000 

  0x00000151801015b8: ;   {runtime_call Stub::method_entry_barrier}
  0x00000151801015b8: 7405 e821 | 2d46 0748 | 8954 2440 

  0x00000151801015c4: ;   {metadata(method data for {method} {0x000001518f114d68} 'loadClassOrNull' '(Ljava/lang/String;Z)Ljava/lang/Class;' in 'jdk/internal/loader/BuiltinClassLoader')}
  0x00000151801015c4: 48be 5875 | da8f 5101 | 0000 8bbe | 9000 0000 | 83c7 0289 | be90 0000 | 0081 e7fe | 0700 0085 
  0x00000151801015e4: ff0f 849c | 0c00 0044 | 894c 2450 

  0x00000151801015f0: ;   {metadata(method data for {method} {0x000001518f114d68} 'loadClassOrNull' '(Ljava/lang/String;Z)Ljava/lang/Class;' in 'jdk/internal/loader/BuiltinClassLoader')}
  0x00000151801015f0: 488b f248 | bf58 75da | 8f51 0100 | 008b 7608 | 483b b7e0 | 0000 0075 | 0d48 8387 | e800 0000 
  0x0000015180101610: 01e9 6000 | 0000 483b | b7f0 0000 | 0075 0d48 | 8387 f800 | 0000 01e9 | 4a00 0000 | 4883 bfe0 
  0x0000015180101630: 0000 0000 | 7517 4889 | b7e0 0000 | 0048 c787 | e800 0000 | 0100 0000 | e929 0000 | 0048 83bf 
  0x0000015180101650: f000 0000 | 0075 1748 | 89b7 f000 | 0000 48c7 | 87f8 0000 | 0001 0000 | 00e9 0800 | 0000 4883 
  0x0000015180101670: 87d8 0000 | 0001 498b | f04c 8bc6 | 488b fa48 | 8bd7 4889 

  0x0000015180101684: ;   {optimized virtual_call}
  0x0000015180101684: 7424 48e8 

  0x0000015180101688: ; ImmutableOopMap {[64]=Oop [72]=Oop }
                      ;*invokevirtual getClassLoadingLock {reexecute=0 rethrow=0 return_oop=0}
                      ; - jdk.internal.loader.BuiltinClassLoader::loadClassOrNull@2 (line 591)
  0x0000015180101688: 94da ffff 

  0x000001518010168c: ;   {post_call_nop}
  0x000001518010168c: 0f1f 8400 | 0402 0000 | 4889 4424 | 5848 8d54 | 2478 488b | f048 8972 | 0848 8b06 | 418b bfe0 
  0x00000151801016ac: 0600 0081 | ff30 0700 | 000f 8df2 | 0b00 0049 | 3b74 3ff8 | 0f84 2500 | 0000 a802 | 0f85 df0b 
  0x00000151801016cc: 0000 488b | f848 83e7 | fe48 83c8 | 01f0 480f | b13e 0f85 | c90b 0000 | 418b bfe0 | 0600 0049 
  0x00000151801016ec: 8934 3f83 | c708 4189 | bfe0 0600 | 0048 8b54 

  0x00000151801016fc: ;   {metadata(method data for {method} {0x000001518f114d68} 'loadClassOrNull' '(Ljava/lang/String;Z)Ljava/lang/Class;' in 'jdk/internal/loader/BuiltinClassLoader')}
  0x00000151801016fc: 2440 48be | 5875 da8f | 5101 0000 | 8b52 0848 | 3b96 1001 | 0000 750d | 4883 8618 | 0100 0001 
  0x000001518010171c: e960 0000 | 0048 3b96 | 2001 0000 | 750d 4883 | 8628 0100 | 0001 e94a | 0000 0048 | 83be 1001 
  0x000001518010173c: 0000 0075 | 1748 8996 | 1001 0000 | 48c7 8618 | 0100 0001 | 0000 00e9 | 2900 0000 | 4883 be20 
  0x000001518010175c: 0100 0000 | 7517 4889 | 9620 0100 | 0048 c786 | 2801 0000 | 0100 0000 | e908 0000 | 0048 8386 
  0x000001518010177c: 0801 0000 

  0x0000015180101780: ;   {metadata(method data for {method} {0x000001518f029c88} 'findLoadedClass' '(Ljava/lang/String;)Ljava/lang/Class;' in 'java/lang/ClassLoader')}
  0x0000015180101780: 0148 bae0 | 42da 8f51 | 0100 008b | b290 0000 | 0083 c602 | 89b2 9000 | 0000 81e6 | feff 1f00 
  0x00000151801017a0: 85f6 0f84 | 180b 0000 

  0x00000151801017a8: ;   {metadata(method data for {method} {0x000001518f029c88} 'findLoadedClass' '(Ljava/lang/String;)Ljava/lang/Class;' in 'java/lang/ClassLoader')}
  0x00000151801017a8: 48ba e042 | da8f 5101 | 0000 4883 | 82d8 0000 | 0001 488b 

  0x00000151801017bc: ;   {static_call}
  0x00000151801017bc: 5424 48e8 

  0x00000151801017c0: ; ImmutableOopMap {[64]=Oop [72]=Oop [88]=Oop [128]=Oop }
                      ;*invokestatic checkName {reexecute=0 rethrow=0 return_oop=0}
                      ; - java.lang.ClassLoader::findLoadedClass@1 (line 1232)
                      ; - jdk.internal.loader.BuiltinClassLoader::loadClassOrNull@10 (line 593)
  0x00000151801017c0: bca2 fdff 

  0x00000151801017c4: ;   {post_call_nop}
  0x00000151801017c4: 0f1f 8400 | 3c03 0001 

  0x00000151801017cc: ;   {metadata(method data for {method} {0x000001518f029c88} 'findLoadedClass' '(Ljava/lang/String;)Ljava/lang/Class;' in 'java/lang/ClassLoader')}
  0x00000151801017cc: 85c0 49b8 | e042 da8f | 5101 0000 | bae8 0000 | 0075 05ba | f800 0000 | 498b 3410 | 488d 7601 
  0x00000151801017ec: 4989 3410 | 0f85 0f00 

  0x00000151801017f4: ;   {oop(nullptr)}
  0x00000151801017f4: 0000 48be | 0000 0000 | 0000 0000 | e932 0000 | 0048 8b54 

  0x0000015180101808: ;   {metadata(method data for {method} {0x000001518f029c88} 'findLoadedClass' '(Ljava/lang/String;)Ljava/lang/Class;' in 'java/lang/ClassLoader')}
  0x0000015180101808: 2440 49b8 | e042 da8f | 5101 0000 | 4983 8008 | 0100 0001 | 4c8b 4424 | 4848 8b54 

  0x0000015180101824: ;   {optimized virtual_call}
  0x0000015180101824: 2440 90e8 

  0x0000015180101828: ; ImmutableOopMap {[64]=Oop [72]=Oop [88]=Oop [128]=Oop }
                      ;*invokevirtual findLoadedClass0 {reexecute=0 rethrow=0 return_oop=0}
                      ; - java.lang.ClassLoader::findLoadedClass@11 (line 1234)
                      ; - jdk.internal.loader.BuiltinClassLoader::loadClassOrNull@10 (line 593)
  0x0000015180101828: e4b3 9e07 

  0x000001518010182c: ;   {post_call_nop}
  0x000001518010182c: 0f1f 8400 | a403 0002 | 488b f048 

  0x0000015180101838: ;   {metadata(method data for {method} {0x000001518f114d68} 'loadClassOrNull' '(Ljava/lang/String;Z)Ljava/lang/Class;' in 'jdk/internal/loader/BuiltinClassLoader')}
  0x0000015180101838: 85f6 49b8 | 5875 da8f | 5101 0000 | ba38 0100 | 0075 05ba | 4801 0000 | 498b 3c10 | 488d 7f01 
  0x0000015180101858: 4989 3c10 | 0f85 6d07 | 0000 4889 | 7424 6048 | 8b54 2440 

  0x000001518010186c: ;   {metadata(method data for {method} {0x000001518f114d68} 'loadClassOrNull' '(Ljava/lang/String;Z)Ljava/lang/Class;' in 'jdk/internal/loader/BuiltinClassLoader')}
  0x000001518010186c: 49b8 5875 | da8f 5101 | 0000 4983 | 8058 0100 | 0001 4c8b | 4424 4848 | 8b54 2440 | 0f1f 8000 
  0x000001518010188c: ;   {optimized virtual_call}
  0x000001518010188c: 0000 00e8 

  0x0000015180101890: ; ImmutableOopMap {[64]=Oop [72]=Oop [88]=Oop [96]=Oop [128]=Oop }
                      ;*invokevirtual findLoadedModule {reexecute=0 rethrow=0 return_oop=0}
                      ; - jdk.internal.loader.BuiltinClassLoader::loadClassOrNull@22 (line 598)
  0x0000015180101890: 0cf0 ffff 

  0x0000015180101894: ;   {post_call_nop}
  0x0000015180101894: 0f1f 8400 | 0c04 0003 

  0x000001518010189c: ;   {metadata(method data for {method} {0x000001518f114d68} 'loadClassOrNull' '(Ljava/lang/String;Z)Ljava/lang/Class;' in 'jdk/internal/loader/BuiltinClassLoader')}
  0x000001518010189c: 4885 c049 | b858 75da | 8f51 0100 | 0041 b988 | 0100 0074 | 0641 b998 | 0100 004b | 8b14 0848 
  0x00000151801018bc: 8d52 014b | 8914 0848 | 8b54 2440 | 0f84 ff02 | 0000 483b | 004c 8bc0 

  0x00000151801018d4: ;   {metadata(method data for {method} {0x000001518f114d68} 'loadClassOrNull' '(Ljava/lang/String;Z)Ljava/lang/Class;' in 'jdk/internal/loader/BuiltinClassLoader')}
  0x00000151801018d4: 49b9 5875 | da8f 5101 

  0x00000151801018dc: ;   {metadata('jdk/internal/loader/BuiltinClassLoader$LoadedModule')}
  0x00000151801018dc: 0000 49ba | 602a 0503 | 0000 0000 | 4d89 91b0 | 0100 0049 | 8381 b801 | 0000 018b | 700c 483b 
  0x00000151801018fc: ;   {metadata(method data for {method} {0x000001518f114d68} 'loadClassOrNull' '(Ljava/lang/String;Z)Ljava/lang/Class;' in 'jdk/internal/loader/BuiltinClassLoader')}
  0x00000151801018fc: f249 b858 | 75da 8f51 | 0100 0041 | b9d8 0100 | 0075 0641 | b9e8 0100 | 004b 8b3c | 0848 8d7f 
  0x000001518010191c: 014b 893c | 080f 8526 

  0x0000015180101924: ;   {metadata(method data for {method} {0x000001518f114d68} 'loadClassOrNull' '(Ljava/lang/String;Z)Ljava/lang/Class;' in 'jdk/internal/loader/BuiltinClassLoader')}
  0x0000015180101924: 0100 0049 | b858 75da | 8f51 0100 | 0049 8380 | f801 0000 

  0x0000015180101938: ;   {metadata(method data for {method} {0x000001518f182c40} 'isModuleSystemInited' '()Z' in 'jdk/internal/misc/VM')}
  0x0000015180101938: 0149 b860 | a7ad 8f51 | 0100 0045 | 8b88 9000 | 0000 4183 | c102 4589 | 8890 0000 | 0041 81e1 
  0x0000015180101958: feff 1f00 | 4585 c90f | 8481 0900 

  0x0000015180101964: ;   {oop(a 'java/lang/Class'{0x0000000089308838} = 'jdk/internal/misc/VM')}
  0x0000015180101964: 0049 b838 | 8830 8900 | 0000 0045 | 8b80 a400 | 0000 4183 

  0x0000015180101978: ;   {metadata(method data for {method} {0x000001518f182c40} 'isModuleSystemInited' '()Z' in 'jdk/internal/misc/VM')}
  0x0000015180101978: f802 49b8 | 60a7 ad8f | 5101 0000 | 41b9 d800 | 0000 7c06 | 41b9 e800 | 0000 4b8b | 3408 488d 
  0x0000015180101998: 7601 4b89 | 3408 0f8c | 1c00 0000 

  0x00000151801019a4: ;   {metadata(method data for {method} {0x000001518f182c40} 'isModuleSystemInited' '()Z' in 'jdk/internal/misc/VM')}
  0x00000151801019a4: 49b8 60a7 | ad8f 5101 | 0000 41ff | 80f8 0000 | 0041 b801 | 0000 00e9 | 0600 0000 | 41b8 0000 
  0x00000151801019c4: 0000 4183 | e001 4585 

  0x00000151801019cc: ;   {metadata(method data for {method} {0x000001518f114d68} 'loadClassOrNull' '(Ljava/lang/String;Z)Ljava/lang/Class;' in 'jdk/internal/loader/BuiltinClassLoader')}
  0x00000151801019cc: c049 b858 | 75da 8f51 | 0100 0041 | b918 0200 | 0075 0641 | b908 0200 | 004b 8b34 | 0848 8d76 
  0x00000151801019ec: 014b 8934 | 080f 850a | 0000 0048 | 8b74 2460 | e9b6 0100 | 004c 8bc2 

  0x0000015180101a04: ;   {metadata(method data for {method} {0x000001518f114d68} 'loadClassOrNull' '(Ljava/lang/String;Z)Ljava/lang/Class;' in 'jdk/internal/loader/BuiltinClassLoader')}
  0x0000015180101a04: 49b9 5875 | da8f 5101 | 0000 4983 | 8128 0200 | 0001 4c8b | c04c 8b4c | 2448 488b | f248 8bd6 
  0x0000015180101a24: ;   {optimized virtual_call}
  0x0000015180101a24: 6666 90e8 

  0x0000015180101a28: ; ImmutableOopMap {[64]=Oop [88]=Oop [128]=Oop }
                      ;*invokevirtual findClassInModuleOrNull {reexecute=0 rethrow=0 return_oop=0}
                      ; - jdk.internal.loader.BuiltinClassLoader::loadClassOrNull@55 (line 605)
  0x0000015180101a28: 6e0a 0000 

  0x0000015180101a2c: ;   {post_call_nop}
  0x0000015180101a2c: 0f1f 8400 | a405 0004 

  0x0000015180101a34: ;   {metadata(method data for {method} {0x000001518f114d68} 'loadClassOrNull' '(Ljava/lang/String;Z)Ljava/lang/Class;' in 'jdk/internal/loader/BuiltinClassLoader')}
  0x0000015180101a34: 49b8 5875 | da8f 5101 | 0000 41ff | 8058 0200 | 0048 8bf0 | e96a 0100 | 0048 3b06 

  0x0000015180101a50: ;   {metadata(method data for {method} {0x000001518f114d68} 'loadClassOrNull' '(Ljava/lang/String;Z)Ljava/lang/Class;' in 'jdk/internal/loader/BuiltinClassLoader')}
  0x0000015180101a50: 4c8b c649 | b958 75da | 8f51 0100 | 0045 8b40 | 084d 3b81 | 7802 0000 | 750d 4983 | 8180 0200 
  0x0000015180101a70: 0001 e960 | 0000 004d | 3b81 8802 | 0000 750d | 4983 8190 | 0200 0001 | e94a 0000 | 0049 83b9 
  0x0000015180101a90: 7802 0000 | 0075 174d | 8981 7802 | 0000 49c7 | 8180 0200 | 0001 0000 | 00e9 2900 | 0000 4983 
  0x0000015180101ab0: b988 0200 | 0000 7517 | 4d89 8188 | 0200 0049 | c781 9002 | 0000 0100 | 0000 e908 | 0000 0049 
  0x0000015180101ad0: 8381 7002 

  0x0000015180101ad4: ;   {metadata(method data for {method} {0x000001518f114e78} 'loadClassOrNull' '(Ljava/lang/String;)Ljava/lang/Class;' in 'jdk/internal/loader/BuiltinClassLoader')}
  0x0000015180101ad4: 0000 0149 | b898 7eda | 8f51 0100 | 0045 8b88 | 9000 0000 | 4183 c102 | 4589 8890 | 0000 0041 
  0x0000015180101af4: 81e1 feff | 1f00 4585 | c90f 8409 | 0800 004c 

  0x0000015180101b04: ;   {metadata(method data for {method} {0x000001518f114e78} 'loadClassOrNull' '(Ljava/lang/String;)Ljava/lang/Class;' in 'jdk/internal/loader/BuiltinClassLoader')}
  0x0000015180101b04: 8bc6 49b9 | 987e da8f | 5101 0000 | 458b 4008 | 4d3b 81e0 | 0000 0075 | 0d49 8381 | e800 0000 
  0x0000015180101b24: 01e9 6000 | 0000 4d3b | 81f0 0000 | 0075 0d49 | 8381 f800 | 0000 01e9 | 4a00 0000 | 4983 b9e0 
  0x0000015180101b44: 0000 0000 | 7517 4d89 | 81e0 0000 | 0049 c781 | e800 0000 | 0100 0000 | e929 0000 | 0049 83b9 
  0x0000015180101b64: f000 0000 | 0075 174d | 8981 f000 | 0000 49c7 | 81f8 0000 | 0001 0000 | 00e9 0800 | 0000 4983 
  0x0000015180101b84: 81d8 0000 | 0001 4c8b | 4424 4841 | b900 0000 | 0048 8bd6 | 0f1f 4400 | 0048 b890 | b975 ff51 
  0x0000015180101ba4: ;   {virtual_call}
  0x0000015180101ba4: 0100 00e8 

  0x0000015180101ba8: ; ImmutableOopMap {[64]=Oop [88]=Oop [128]=Oop }
                      ;*invokevirtual loadClassOrNull {reexecute=0 rethrow=0 return_oop=0}
                      ; - jdk.internal.loader.BuiltinClassLoader::loadClassOrNull@3 (line 640)
                      ; - jdk.internal.loader.BuiltinClassLoader::loadClassOrNull@66 (line 609)
  0x0000015180101ba8: ed9e 4707 

  0x0000015180101bac: ;   {post_call_nop}
  0x0000015180101bac: 0f1f 8400 | 2407 0005 

  0x0000015180101bb4: ;   {metadata(method data for {method} {0x000001518f114d68} 'loadClassOrNull' '(Ljava/lang/String;Z)Ljava/lang/Class;' in 'jdk/internal/loader/BuiltinClassLoader')}
  0x0000015180101bb4: 488b f049 | b858 75da | 8f51 0100 | 0041 ff80 | a002 0000 | e902 0400 | 008b 7254 

  0x0000015180101bd0: ;   {metadata(method data for {method} {0x000001518f114d68} 'loadClassOrNull' '(Ljava/lang/String;Z)Ljava/lang/Class;' in 'jdk/internal/loader/BuiltinClassLoader')}
  0x0000015180101bd0: 4885 f649 | b858 75da | 8f51 0100 | 0041 b9c8 | 0200 0075 | 0641 b9b8 | 0200 004b | 8b3c 0848 
  0x0000015180101bf0: 8d7f 014b | 893c 080f | 850a 0000 | 0048 8b74 | 2460 e968 | 0100 0048 | 3b06 4c8b 

  0x0000015180101c0c: ;   {metadata(method data for {method} {0x000001518f114d68} 'loadClassOrNull' '(Ljava/lang/String;Z)Ljava/lang/Class;' in 'jdk/internal/loader/BuiltinClassLoader')}
  0x0000015180101c0c: c649 b958 | 75da 8f51 | 0100 0045 | 8b40 084d | 3b81 e002 | 0000 750d | 4983 81e8 | 0200 0001 
  0x0000015180101c2c: e960 0000 | 004d 3b81 | f002 0000 | 750d 4983 | 81f8 0200 | 0001 e94a | 0000 0049 | 83b9 e002 
  0x0000015180101c4c: 0000 0075 | 174d 8981 | e002 0000 | 49c7 81e8 | 0200 0001 | 0000 00e9 | 2900 0000 | 4983 b9f0 
  0x0000015180101c6c: 0200 0000 | 7517 4d89 | 81f0 0200 | 0049 c781 | f802 0000 | 0100 0000 | e908 0000 | 0049 8381 
  0x0000015180101c8c: d802 0000 

  0x0000015180101c90: ;   {metadata(method data for {method} {0x000001518f114e78} 'loadClassOrNull' '(Ljava/lang/String;)Ljava/lang/Class;' in 'jdk/internal/loader/BuiltinClassLoader')}
  0x0000015180101c90: 0149 b898 | 7eda 8f51 | 0100 0045 | 8b88 9000 | 0000 4183 | c102 4589 | 8890 0000 | 0041 81e1 
  0x0000015180101cb0: feff 1f00 | 4585 c90f | 8475 0600 | 004c 8bc6 

  0x0000015180101cc0: ;   {metadata(method data for {method} {0x000001518f114e78} 'loadClassOrNull' '(Ljava/lang/String;)Ljava/lang/Class;' in 'jdk/internal/loader/BuiltinClassLoader')}
  0x0000015180101cc0: 49b9 987e | da8f 5101 | 0000 458b | 4008 4d3b | 81e0 0000 | 0075 0d49 | 8381 e800 | 0000 01e9 
  0x0000015180101ce0: 6000 0000 | 4d3b 81f0 | 0000 0075 | 0d49 8381 | f800 0000 | 01e9 4a00 | 0000 4983 | b9e0 0000 
  0x0000015180101d00: 0000 7517 | 4d89 81e0 | 0000 0049 | c781 e800 | 0000 0100 | 0000 e929 | 0000 0049 | 83b9 f000 
  0x0000015180101d20: 0000 0075 | 174d 8981 | f000 0000 | 49c7 81f8 | 0000 0001 | 0000 00e9 | 0800 0000 | 4983 81d8 
  0x0000015180101d40: 0000 0001 | 4c8b 4424 | 4841 b900 | 0000 0048 | 8bd6 6666 | 9048 b8b8 | b975 ff51 

  0x0000015180101d5c: ;   {virtual_call}
  0x0000015180101d5c: 0100 00e8 

  0x0000015180101d60: ; ImmutableOopMap {[64]=Oop [72]=Oop [88]=Oop [128]=Oop }
                      ;*invokevirtual loadClassOrNull {reexecute=0 rethrow=0 return_oop=0}
                      ; - jdk.internal.loader.BuiltinClassLoader::loadClassOrNull@3 (line 640)
                      ; - jdk.internal.loader.BuiltinClassLoader::loadClassOrNull@86 (line 616)
  0x0000015180101d60: 7cd3 4707 

  0x0000015180101d64: ;   {post_call_nop}
  0x0000015180101d64: 0f1f 8400 | dc08 0006 | 488b f048 

  0x0000015180101d70: ;   {metadata(method data for {method} {0x000001518f114d68} 'loadClassOrNull' '(Ljava/lang/String;Z)Ljava/lang/Class;' in 'jdk/internal/loader/BuiltinClassLoader')}
  0x0000015180101d70: 85f6 49b8 | 5875 da8f | 5101 0000 | ba08 0300 | 0075 05ba | 1803 0000 | 498b 3c10 | 488d 7f01 
  0x0000015180101d90: 4989 3c10 | 0f85 3502 | 0000 488b | 5424 404c 

  0x0000015180101da0: ;   {metadata(method data for {method} {0x000001518f114d68} 'loadClassOrNull' '(Ljava/lang/String;Z)Ljava/lang/Class;' in 'jdk/internal/loader/BuiltinClassLoader')}
  0x0000015180101da0: 8bc2 48bf | 5875 da8f | 5101 0000 | 458b 4008 | 4c3b 8730 | 0300 0075 | 0d48 8387 | 3803 0000 
  0x0000015180101dc0: 01e9 6000 | 0000 4c3b | 8740 0300 | 0075 0d48 | 8387 4803 | 0000 01e9 | 4a00 0000 | 4883 bf30 
  0x0000015180101de0: 0300 0000 | 7517 4c89 | 8730 0300 | 0048 c787 | 3803 0000 | 0100 0000 | e929 0000 | 0048 83bf 
  0x0000015180101e00: 4003 0000 | 0075 174c | 8987 4003 | 0000 48c7 | 8748 0300 | 0001 0000 | 00e9 0800 | 0000 4883 
  0x0000015180101e20: 8728 0300 

  0x0000015180101e24: ;   {metadata(method data for {method} {0x000001518f113900} 'hasClassPath' '()Z' in 'jdk/internal/loader/BuiltinClassLoader')}
  0x0000015180101e24: 0001 49b8 | 0080 da8f | 5101 0000 | 418b b890 | 0000 0083 | c702 4189 | b890 0000 | 0081 e7fe 
  0x0000015180101e44: ff1f 0085 | ff0f 8404 | 0500 0044 | 8b42 584d 

  0x0000015180101e54: ;   {metadata(method data for {method} {0x000001518f113900} 'hasClassPath' '()Z' in 'jdk/internal/loader/BuiltinClassLoader')}
  0x0000015180101e54: 85c0 49b8 | 0080 da8f | 5101 0000 | bfd8 0000 | 0074 05bf | e800 0000 | 498b 1c38 | 488d 5b01 
  0x0000015180101e74: 4989 1c38 | 0f84 1c00 

  0x0000015180101e7c: ;   {metadata(method data for {method} {0x000001518f113900} 'hasClassPath' '()Z' in 'jdk/internal/loader/BuiltinClassLoader')}
  0x0000015180101e7c: 0000 49b8 | 0080 da8f | 5101 0000 | 41ff 80f8 | 0000 0041 | b801 0000 | 00e9 0600 | 0000 41b8 
  0x0000015180101e9c: 0000 0000 | 4183 e001 

  0x0000015180101ea4: ;   {metadata(method data for {method} {0x000001518f114d68} 'loadClassOrNull' '(Ljava/lang/String;Z)Ljava/lang/Class;' in 'jdk/internal/loader/BuiltinClassLoader')}
  0x0000015180101ea4: 4585 c049 | b858 75da | 8f51 0100 | 00bf 5803 | 0000 7405 | bf68 0300 | 0049 8b1c | 3848 8d5b 
  0x0000015180101ec4: 0149 891c | 380f 8400 

  0x0000015180101ecc: ;   {metadata(method data for {method} {0x000001518f114d68} 'loadClassOrNull' '(Ljava/lang/String;Z)Ljava/lang/Class;' in 'jdk/internal/loader/BuiltinClassLoader')}
  0x0000015180101ecc: 0100 0049 | b858 75da | 8f51 0100 | 0049 8380 | 7803 0000 

  0x0000015180101ee0: ;   {metadata(method data for {method} {0x000001518f182c40} 'isModuleSystemInited' '()Z' in 'jdk/internal/misc/VM')}
  0x0000015180101ee0: 0149 b860 | a7ad 8f51 | 0100 0041 | 8bb8 9000 | 0000 83c7 | 0241 89b8 | 9000 0000 | 81e7 feff 
  0x0000015180101f00: 1f00 85ff | 0f84 6a04 

  0x0000015180101f08: ;   {oop(a 'java/lang/Class'{0x0000000089308838} = 'jdk/internal/misc/VM')}
  0x0000015180101f08: 0000 49b8 | 3888 3089 | 0000 0000 | 458b 80a4 | 0000 0041 

  0x0000015180101f1c: ;   {metadata(method data for {method} {0x000001518f182c40} 'isModuleSystemInited' '()Z' in 'jdk/internal/misc/VM')}
  0x0000015180101f1c: 83f8 0249 | b860 a7ad | 8f51 0100 | 00bf d800 | 0000 7c05 | bfe8 0000 | 0049 8b1c | 3848 8d5b 
  0x0000015180101f3c: 0149 891c | 380f 8c1c 

  0x0000015180101f44: ;   {metadata(method data for {method} {0x000001518f182c40} 'isModuleSystemInited' '()Z' in 'jdk/internal/misc/VM')}
  0x0000015180101f44: 0000 0049 | b860 a7ad | 8f51 0100 | 0041 ff80 | f800 0000 | 41b8 0100 | 0000 e906 | 0000 0041 
  0x0000015180101f64: b800 0000 | 0041 83e0 | 0145 85c0 

  0x0000015180101f70: ;   {metadata(method data for {method} {0x000001518f114d68} 'loadClassOrNull' '(Ljava/lang/String;Z)Ljava/lang/Class;' in 'jdk/internal/loader/BuiltinClassLoader')}
  0x0000015180101f70: 49b8 5875 | da8f 5101 | 0000 bf88 | 0300 0074 | 05bf 9803 | 0000 498b | 1c38 488d | 5b01 4989 
  0x0000015180101f90: 1c38 0f84 | 3700 0000 | 4c8b 4424 | 4848 8bf2 

  0x0000015180101fa0: ;   {metadata(method data for {method} {0x000001518f114d68} 'loadClassOrNull' '(Ljava/lang/String;Z)Ljava/lang/Class;' in 'jdk/internal/loader/BuiltinClassLoader')}
  0x0000015180101fa0: 48bf 5875 | da8f 5101 | 0000 4883 | 87a8 0300 | 0001 488b | f248 8bd6 | 0f1f 8000 

  0x0000015180101fbc: ;   {optimized virtual_call}
  0x0000015180101fbc: 0000 00e8 

  0x0000015180101fc0: ; ImmutableOopMap {[64]=Oop [88]=Oop [128]=Oop }
                      ;*invokevirtual findClassOnClassPathOrNull {reexecute=0 rethrow=0 return_oop=0}
                      ; - jdk.internal.loader.BuiltinClassLoader::loadClassOrNull@111 (line 621)
  0x0000015180101fc0: 1cce 4707 

  0x0000015180101fc4: ;   {post_call_nop}
  0x0000015180101fc4: 0f1f 8400 | 3c0b 0007 | 488b f044 | 8b4c 2450 

  0x0000015180101fd4: ;   {metadata(method data for {method} {0x000001518f114d68} 'loadClassOrNull' '(Ljava/lang/String;Z)Ljava/lang/Class;' in 'jdk/internal/loader/BuiltinClassLoader')}
  0x0000015180101fd4: 4585 c948 | b858 75da | 8f51 0100 | 00ba d803 | 0000 7405 | bae8 0300 | 0048 8b3c | 1048 8d7f 
  0x0000015180101ff4: 0148 893c | 100f 8405 | 0100 0048 

  0x0000015180102000: ;   {metadata(method data for {method} {0x000001518f114d68} 'loadClassOrNull' '(Ljava/lang/String;Z)Ljava/lang/Class;' in 'jdk/internal/loader/BuiltinClassLoader')}
  0x0000015180102000: 85f6 48b8 | 5875 da8f | 5101 0000 | baf8 0300 | 0074 05ba | 0804 0000 | 488b 3c10 | 488d 7f01 
  0x0000015180102020: 4889 3c10 | 0f84 da00 | 0000 488b 

  0x000001518010202c: ;   {metadata(method data for {method} {0x000001518f114d68} 'loadClassOrNull' '(Ljava/lang/String;Z)Ljava/lang/Class;' in 'jdk/internal/loader/BuiltinClassLoader')}
  0x000001518010202c: 5424 4048 | b858 75da | 8f51 0100 | 008b 5208 | 483b 9020 | 0400 0075 | 0d48 8380 | 2804 0000 
  0x000001518010204c: 01e9 6000 | 0000 483b | 9030 0400 | 0075 0d48 | 8380 3804 | 0000 01e9 | 4a00 0000 | 4883 b820 
  0x000001518010206c: 0400 0000 | 7517 4889 | 9020 0400 | 0048 c780 | 2804 0000 | 0100 0000 | e929 0000 | 0048 83b8 
  0x000001518010208c: 3004 0000 | 0075 1748 | 8990 3004 | 0000 48c7 | 8038 0400 | 0001 0000 | 00e9 0800 | 0000 4883 
  0x00000151801020ac: 8018 0400 

  0x00000151801020b0: ;   {metadata(method data for {method} {0x000001518f029920} 'resolveClass' '(Ljava/lang/Class;)V' in 'java/lang/ClassLoader')}
  0x00000151801020b0: 0001 48b8 | d084 da8f | 5101 0000 | 8b90 9000 | 0000 83c2 | 0289 9090 | 0000 0081 | e2fe ff1f 
  0x00000151801020d0: 0085 d20f | 84bc 0200 | 0048 85f6 

  0x00000151801020dc: ;   {metadata(method data for {method} {0x000001518f029920} 'resolveClass' '(Ljava/lang/Class;)V' in 'java/lang/ClassLoader')}
  0x00000151801020dc: 48b8 d084 | da8f 5101 | 0000 bae8 | 0000 0074 | 05ba d800 | 0000 488b | 3c10 488d | 7f01 4889 
  0x00000151801020fc: 3c10 0f84 | 6e00 0000 | 488d 4424 | 7848 8b78 | 0841 8b97 | e006 0000 | 493b 7c17 | f80f 8597 
  0x000001518010211c: 0200 0041 | 83af e006 | 0000 0849 | 3b7c 17f0 | 0f84 2a00 | 0000 488b | 07a8 020f | 8512 0000 
  0x000001518010213c: 0048 8bd0 | 4883 ca01 | f048 0fb1 | 170f 840d | 0000 0041 | 8387 e006 | 0000 08e9 | 5a02 0000 
  0x000001518010215c: 488b c648 | 81c4 9000 

  0x0000015180102164: ;   {poll_return}
  0x0000015180102164: 0000 5d49 | 3b67 280f | 8758 0200 | 00c3 4889 | 7424 7090 

  0x0000015180102178: ;   {other}
  0x0000015180102178: e971 0200 | 0000 0000 | 0000 498b | 87c8 0100 | 0048 8d78 | 3049 3bbf | d801 0000 | 0f87 5e02 
  0x0000015180102198: 0000 4989 | bfc8 0100 | 0048 c700 | 0100 0000 | 488b ca89 | 4808 4833 | c989 480c | 4833 c948 
  0x00000151801021b8: 8948 1048 | 8948 1848 | 8948 2048 | 8948 2848 

  0x00000151801021c8: ;   {metadata(method data for {method} {0x000001518f029920} 'resolveClass' '(Ljava/lang/Class;)V' in 'java/lang/ClassLoader')}
  0x00000151801021c8: 8bd0 48be | d084 da8f | 5101 0000 | 4883 86f8 | 0000 0001 | 488b d048 | 8944 2468 

  0x00000151801021e4: ;   {optimized virtual_call}
  0x00000151801021e4: 6666 90e8 

  0x00000151801021e8: ; ImmutableOopMap {[88]=Oop [104]=Oop [112]=Oop [128]=Oop }
                      ;*invokespecial <init> {reexecute=0 rethrow=0 return_oop=0}
                      ; - java.lang.ClassLoader::resolveClass@8 (line 1172)
                      ; - jdk.internal.loader.BuiltinClassLoader::loadClassOrNull@128 (line 628)
  0x00000151801021e8: f4cb 4707 

  0x00000151801021ec: ;   {post_call_nop}
  0x00000151801021ec: 0f1f 8400 | 640d 0008 | 488b 4424 

  0x00000151801021f8: ; ImmutableOopMap {rax=Oop [88]=Oop [112]=Oop [128]=Oop }
                      ;*athrow {reexecute=1 rethrow=0 return_oop=0}
                      ; - (reexecute) java.lang.ClassLoader::resolveClass@11 (line 1172)
                      ; - jdk.internal.loader.BuiltinClassLoader::loadClassOrNull@128 (line 628)
                      ;   {section_word}
  0x00000151801021f8: 6848 baf9 | 2110 8051 

  0x0000015180102200: ;   {runtime_call C1 Runtime handle_exception_nofpu_blob}
  0x0000015180102200: 0100 00e8 | d85d 5407 | 9049 8b87 | 8805 0000 | 4d33 d24d | 8997 8805 | 0000 4d33 | d24d 8997 
  0x0000015180102220: 9005 0000 | 488b f048 | 8d44 2478 | 488b 5808 | 418b bfe0 | 0600 0049 | 3b5c 3ff8 | 0f85 c301 
  0x0000015180102240: 0000 4183 | afe0 0600 | 0008 493b | 5c3f f00f | 842a 0000 | 0048 8b03 | a802 0f85 | 1200 0000 
  0x0000015180102260: 488b f848 | 83cf 01f0 | 480f b13b | 0f84 0d00 | 0000 4183 | 87e0 0600 | 0008 e986 | 0100 0048 
  0x0000015180102280: 8bc6 e9ae 

  0x0000015180102284: ;   {metadata({method} {0x000001518f114d68} 'loadClassOrNull' '(Ljava/lang/String;Z)Ljava/lang/Class;' in 'jdk/internal/loader/BuiltinClassLoader')}
  0x0000015180102284: 0100 0049 | ba60 4d11 | 8f51 0100 | 004c 8954 | 2408 48c7 | 0424 ffff 

  0x000001518010229c: ;   {runtime_call C1 Runtime counter_overflow_blob}
  0x000001518010229c: ffff e83d 

  0x00000151801022a0: ; ImmutableOopMap {rdx=Oop r8=Oop [64]=Oop }
                      ;*synchronization entry
                      ; - jdk.internal.loader.BuiltinClassLoader::loadClassOrNull@-1 (line 591)
  0x00000151801022a0: 9f54 07e9 | 43f3 ffff 

  0x00000151801022a8: ;   {runtime_call C1 Runtime throw_null_pointer_exception_blob}
  0x00000151801022a8: e833 4554 

  0x00000151801022ac: ; ImmutableOopMap {rsi=Oop [64]=Oop [72]=Oop [88]=Oop }
                      ;*monitorenter {reexecute=0 rethrow=0 return_oop=0}
                      ; - jdk.internal.loader.BuiltinClassLoader::loadClassOrNull@7 (line 591)
  0x00000151801022ac: 0748 8974 | 2408 4889 

  0x00000151801022b4: ;   {runtime_call C1 Runtime monitorenter_nofpu_blob}
  0x00000151801022b4: 1424 e825 

  0x00000151801022b8: ; ImmutableOopMap {rsi=Oop [64]=Oop [72]=Oop [88]=Oop [128]=Oop }
                      ;*monitorenter {reexecute=0 rethrow=0 return_oop=0}
                      ; - jdk.internal.loader.BuiltinClassLoader::loadClassOrNull@7 (line 591)
  0x00000151801022b8: 7854 07e9 | 39f4 ffff 

  0x00000151801022c0: ;   {metadata({method} {0x000001518f029c88} 'findLoadedClass' '(Ljava/lang/String;)Ljava/lang/Class;' in 'java/lang/ClassLoader')}
  0x00000151801022c0: 49ba 809c | 028f 5101 | 0000 4c89 | 5424 0848 | c704 24ff 

  0x00000151801022d4: ;   {runtime_call C1 Runtime counter_overflow_blob}
  0x00000151801022d4: ffff ffe8 

  0x00000151801022d8: ; ImmutableOopMap {[64]=Oop [72]=Oop [88]=Oop [128]=Oop }
                      ;*synchronization entry
                      ; - java.lang.ClassLoader::findLoadedClass@-1 (line 1232)
                      ; - jdk.internal.loader.BuiltinClassLoader::loadClassOrNull@10 (line 593)
  0x00000151801022d8: 049f 5407 | e9c7 f4ff 

  0x00000151801022e0: ;   {runtime_call C1 Runtime throw_null_pointer_exception_blob}
  0x00000151801022e0: ffe8 fa44 

  0x00000151801022e4: ; ImmutableOopMap {rax=Oop rdx=Oop [64]=Oop [72]=Oop [88]=Oop [96]=Oop [128]=Oop }
                      ;*invokevirtual loader {reexecute=0 rethrow=0 return_oop=0}
                      ; - jdk.internal.loader.BuiltinClassLoader::loadClassOrNull@34 (line 602)
                      ;   {metadata({method} {0x000001518f182c40} 'isModuleSystemInited' '()Z' in 'jdk/internal/misc/VM')}
  0x00000151801022e4: 5407 49ba | 382c 188f | 5101 0000 | 4c89 5424 | 0848 c704 | 24ff ffff 

  0x00000151801022fc: ;   {runtime_call C1 Runtime counter_overflow_blob}
  0x00000151801022fc: ffe8 de9e 

  0x0000015180102300: ; ImmutableOopMap {rax=Oop rdx=Oop [64]=Oop [72]=Oop [88]=Oop [96]=Oop [128]=Oop }
                      ;*synchronization entry
                      ; - jdk.internal.misc.VM::isModuleSystemInited@-1 (line 93)
                      ; - jdk.internal.loader.BuiltinClassLoader::loadClassOrNull@45 (line 604)
  0x0000015180102300: 5407 e95e 

  0x0000015180102304: ;   {runtime_call C1 Runtime throw_null_pointer_exception_blob}
  0x0000015180102304: f6ff ffe8 

  0x0000015180102308: ; ImmutableOopMap {rsi=Oop [64]=Oop [72]=Oop [88]=Oop [128]=Oop }
                      ;*invokevirtual loadClassOrNull {reexecute=0 rethrow=0 return_oop=0}
                      ; - jdk.internal.loader.BuiltinClassLoader::loadClassOrNull@66 (line 609)
  0x0000015180102308: d444 5407 

  0x000001518010230c: ;   {metadata({method} {0x000001518f114e78} 'loadClassOrNull' '(Ljava/lang/String;)Ljava/lang/Class;' in 'jdk/internal/loader/BuiltinClassLoader')}
  0x000001518010230c: 49ba 704e | 118f 5101 | 0000 4c89 | 5424 0848 | c704 24ff 

  0x0000015180102320: ;   {runtime_call C1 Runtime counter_overflow_blob}
  0x0000015180102320: ffff ffe8 

  0x0000015180102324: ; ImmutableOopMap {rsi=Oop [64]=Oop [72]=Oop [88]=Oop [128]=Oop }
                      ;*synchronization entry
                      ; - jdk.internal.loader.BuiltinClassLoader::loadClassOrNull@-1 (line 640)
                      ; - jdk.internal.loader.BuiltinClassLoader::loadClassOrNull@66 (line 609)
  0x0000015180102324: b89e 5407 | e9d6 f7ff 

  0x000001518010232c: ;   {runtime_call C1 Runtime throw_null_pointer_exception_blob}
  0x000001518010232c: ffe8 ae44 

  0x0000015180102330: ; ImmutableOopMap {rsi=Oop [64]=Oop [72]=Oop [88]=Oop [128]=Oop }
                      ;*invokevirtual loadClassOrNull {reexecute=0 rethrow=0 return_oop=0}
                      ; - jdk.internal.loader.BuiltinClassLoader::loadClassOrNull@86 (line 616)
                      ;   {metadata({method} {0x000001518f114e78} 'loadClassOrNull' '(Ljava/lang/String;)Ljava/lang/Class;' in 'jdk/internal/loader/BuiltinClassLoader')}
  0x0000015180102330: 5407 49ba | 704e 118f | 5101 0000 | 4c89 5424 | 0848 c704 | 24ff ffff 

  0x0000015180102348: ;   {runtime_call C1 Runtime counter_overflow_blob}
  0x0000015180102348: ffe8 929e 

  0x000001518010234c: ; ImmutableOopMap {rsi=Oop [64]=Oop [72]=Oop [88]=Oop [128]=Oop }
                      ;*synchronization entry
                      ; - jdk.internal.loader.BuiltinClassLoader::loadClassOrNull@-1 (line 640)
                      ; - jdk.internal.loader.BuiltinClassLoader::loadClassOrNull@86 (line 616)
  0x000001518010234c: 5407 e96a 

  0x0000015180102350: ;   {metadata({method} {0x000001518f113900} 'hasClassPath' '()Z' in 'jdk/internal/loader/BuiltinClassLoader')}
  0x0000015180102350: f9ff ff49 | baf8 3811 | 8f51 0100 | 004c 8954 | 2408 48c7 | 0424 ffff 

  0x0000015180102368: ;   {runtime_call C1 Runtime counter_overflow_blob}
  0x0000015180102368: ffff e871 

  0x000001518010236c: ; ImmutableOopMap {rdx=Oop rsi=Oop [64]=Oop [72]=Oop [88]=Oop [128]=Oop }
                      ;*synchronization entry
                      ; - jdk.internal.loader.BuiltinClassLoader::hasClassPath@-1 (line 218)
                      ; - jdk.internal.loader.BuiltinClassLoader::loadClassOrNull@97 (line 620)
  0x000001518010236c: 9e54 07e9 | dbfa ffff 

  0x0000015180102374: ;   {metadata({method} {0x000001518f182c40} 'isModuleSystemInited' '()Z' in 'jdk/internal/misc/VM')}
  0x0000015180102374: 49ba 382c | 188f 5101 | 0000 4c89 | 5424 0848 | c704 24ff 

  0x0000015180102388: ;   {runtime_call C1 Runtime counter_overflow_blob}
  0x0000015180102388: ffff ffe8 

  0x000001518010238c: ; ImmutableOopMap {rdx=Oop rsi=Oop [64]=Oop [72]=Oop [88]=Oop [128]=Oop }
                      ;*synchronization entry
                      ; - jdk.internal.misc.VM::isModuleSystemInited@-1 (line 93)
                      ; - jdk.internal.loader.BuiltinClassLoader::loadClassOrNull@103 (line 620)
  0x000001518010238c: 509e 5407 | e975 fbff 

  0x0000015180102394: ;   {metadata({method} {0x000001518f029920} 'resolveClass' '(Ljava/lang/Class;)V' in 'java/lang/ClassLoader')}
  0x0000015180102394: ff49 ba18 | 9902 8f51 | 0100 004c | 8954 2408 | 48c7 0424 | ffff ffff 

  0x00000151801023ac: ;   {runtime_call C1 Runtime counter_overflow_blob}
  0x00000151801023ac: e82f 9e54 

  0x00000151801023b0: ; ImmutableOopMap {rsi=Oop [88]=Oop [128]=Oop }
                      ;*synchronization entry
                      ; - java.lang.ClassLoader::resolveClass@-1 (line 1171)
                      ; - jdk.internal.loader.BuiltinClassLoader::loadClassOrNull@128 (line 628)
  0x00000151801023b0: 07e9 23fd | ffff 488d | 4424 7848 

  0x00000151801023bc: ;   {runtime_call C1 Runtime monitorexit_nofpu_blob}
  0x00000151801023bc: 8904 24e8 | 1c86 5407 | e993 fdff 

  0x00000151801023c8: ;   {internal_word}
  0x00000151801023c8: ff49 ba67 | 2110 8051 | 0100 004d | 8997 e004 

  0x00000151801023d8: ;   {runtime_call SafepointBlob}
  0x00000151801023d8: 0000 e981 

  0x00000151801023dc: ;   {metadata(nullptr)}
  0x00000151801023dc: eb47 0748 | ba00 0000 | 0000 0000 | 00b8 000f 

  0x00000151801023ec: ;   {runtime_call C1 Runtime load_klass_patching_blob}
  0x00000151801023ec: 050a e8ed 

  0x00000151801023f0: ; ImmutableOopMap {[88]=Oop [112]=Oop [128]=Oop }
                      ;*new {reexecute=1 rethrow=0 return_oop=0}
                      ; - (reexecute) java.lang.ClassLoader::resolveClass@4 (line 1172)
                      ; - jdk.internal.loader.BuiltinClassLoader::loadClassOrNull@128 (line 628)
  0x00000151801023f0: 7c54 07e9 | 80fd ffff 

  0x00000151801023f8: ;   {runtime_call C1 Runtime fast_new_instance_blob}
  0x00000151801023f8: 488b d2e8 

  0x00000151801023fc: ; ImmutableOopMap {[88]=Oop [112]=Oop [128]=Oop }
                      ;*new {reexecute=0 rethrow=0 return_oop=0}
                      ; - java.lang.ClassLoader::resolveClass@4 (line 1172)
                      ; - jdk.internal.loader.BuiltinClassLoader::loadClassOrNull@128 (line 628)
  0x00000151801023fc: e04c 5407 | e9c2 fdff | ff48 8d44 | 2478 4889 

  0x000001518010240c: ;   {runtime_call C1 Runtime monitorexit_nofpu_blob}
  0x000001518010240c: 0424 e8cd | 8554 07e9 | 67fe ffff | 498b 8788 | 0500 0049 | c787 8805 | 0000 0000 | 0000 49c7 
  0x000001518010242c: 8790 0500 | 0000 0000 | 0048 81c4 | 9000 0000 

  0x000001518010243c: ;   {runtime_call C1 Runtime unwind_exception_blob}
  0x000001518010243c: 5de9 1e81 | 5207 f4f4 | f4f4 f4f4 
[Stub Code]
  0x0000015180102448: ;   {other}
  0x0000015180102448: 0f1f 4400 

  0x000001518010244c: ;   {static_stub}
  0x000001518010244c: 0048 bb00 | 0000 0000 

  0x0000015180102454: ;   {runtime_call nmethod}
  0x0000015180102454: 0000 00e9 | fbff ffff 

  0x000001518010245c: ;   {static_stub}
  0x000001518010245c: 9048 bb00 | 0000 0000 

  0x0000015180102464: ;   {runtime_call nmethod}
  0x0000015180102464: 0000 00e9 | fbff ffff 

  0x000001518010246c: ;   {static_stub}
  0x000001518010246c: 9048 bb00 | 0000 0000 

  0x0000015180102474: ;   {runtime_call nmethod}
  0x0000015180102474: 0000 00e9 | fbff ffff 

  0x000001518010247c: ;   {static_stub}
  0x000001518010247c: 48bb 0000 | 0000 0000 

  0x0000015180102484: ;   {runtime_call nmethod}
  0x0000015180102484: 0000 e9fb 

  0x0000015180102488: ;   {static_stub}
  0x0000015180102488: ffff ff48 | bb00 0000 | 0000 0000 

  0x0000015180102494: ;   {runtime_call nmethod}
  0x0000015180102494: 00e9 fbff 

  0x0000015180102498: ;   {static_stub}
  0x0000015180102498: ffff 48bb | c851 118f | 5101 0000 

  0x00000151801024a4: ;   {runtime_call I2C/C2I adapters}
  0x00000151801024a4: e991 ae47 

  0x00000151801024a8: ;   {static_stub}
  0x00000151801024a8: 0748 bb00 | 0000 0000 

  0x00000151801024b0: ;   {runtime_call nmethod}
  0x00000151801024b0: 0000 00e9 | fbff ffff 

  0x00000151801024b8: ;   {static_stub}
  0x00000151801024b8: 48bb 0000 | 0000 0000 

  0x00000151801024c0: ;   {runtime_call nmethod}
  0x00000151801024c0: 0000 e9fb 

  0x00000151801024c4: ;   {static_stub}
  0x00000151801024c4: ffff ff48 | bb00 0000 | 0000 0000 

  0x00000151801024d0: ;   {runtime_call nmethod}
  0x00000151801024d0: 00e9 fbff 

  0x00000151801024d4: ;   {runtime_call C1 Runtime handle_exception_from_callee_blob}
  0x00000151801024d4: ffff e805 

  0x00000151801024d8: ;   {external_word}
  0x00000151801024d8: 6154 0748 | b930 9412 | 77ff 7f00 | 0048 83e4 

  0x00000151801024e8: ;   {runtime_call}
  0x00000151801024e8: f048 b880 | 01cd 76ff | 7f00 00ff 

  0x00000151801024f4: ;   {section_word}
  0x00000151801024f4: d0f4 49ba | f624 1080 | 5101 0000 

  0x0000015180102500: ;   {runtime_call DeoptimizationBlob}
  0x0000015180102500: 4152 e959 | ed47 07f4 
[/MachCode]


Compiled method (c1) 5512  850       3       jdk.internal.loader.BuiltinClassLoader::loadClass (22 bytes)
 total in heap  [0x0000015180108c88,0x0000015180109040] = 952
 main code      [0x0000015180108d80,0x0000015180108fe8] = 616
 stub code      [0x0000015180108fe8,0x0000015180109040] = 88
 mutable data [0x00000151ff771b90,0x00000151ff771bf0] = 96
 relocation     [0x00000151ff771b90,0x00000151ff771be8] = 88
 metadata       [0x00000151ff771be8,0x00000151ff771bf0] = 8
 immutable data [0x00000151ff4333f0,0x00000151ff4334d0] = 224
 dependencies   [0x00000151ff4333f0,0x00000151ff4333f8] = 8
 nul chk table  [0x00000151ff4333f8,0x00000151ff433408] = 16
 scopes pcs     [0x00000151ff433408,0x00000151ff433488] = 128
 scopes data    [0x00000151ff433488,0x00000151ff4334d0] = 72

[Constant Pool (empty)]

[MachCode]
[Instructions begin]
  0x0000015180108d80: 6666 660f | 1f84 0000 | 0000 0066 | 6666 9066 | 6690 448b | 5208 443b 

  0x0000015180108d98: ;   {runtime_call Shared Runtime ic_miss_blob}
  0x0000015180108d98: 5008 0f85 | 405d 4707 
[Verified Entry Point]
  0x0000015180108da0: 8984 2400 | 80ff ff55 | 4883 ec40 | 4181 7f20 | 0100 0000 

  0x0000015180108db4: ;   {runtime_call Stub::method_entry_barrier}
  0x0000015180108db4: 7405 e825 

  0x0000015180108db8: ;   {metadata(method data for {method} {0x000001518f114ba8} 'loadClass' '(Ljava/lang/String;Z)Ljava/lang/Class;' in 'jdk/internal/loader/BuiltinClassLoader')}
  0x0000015180108db8: b545 0748 | be70 00db | 8f51 0100 | 008b be90 | 0000 0083 | c702 89be | 9000 0000 | 81e7 fe07 
  0x0000015180108dd8: 0000 85ff | 0f84 7c01 | 0000 488b 

  0x0000015180108de4: ;   {metadata(method data for {method} {0x000001518f114ba8} 'loadClass' '(Ljava/lang/String;Z)Ljava/lang/Class;' in 'jdk/internal/loader/BuiltinClassLoader')}
  0x0000015180108de4: f248 bf70 | 00db 8f51 | 0100 008b | 7608 483b | b7e0 0000 | 0075 0d48 | 8387 e800 | 0000 01e9 
  0x0000015180108e04: 6000 0000 | 483b b7f0 | 0000 0075 | 0d48 8387 | f800 0000 | 01e9 4a00 | 0000 4883 | bfe0 0000 
  0x0000015180108e24: 0000 7517 | 4889 b7e0 | 0000 0048 | c787 e800 | 0000 0100 | 0000 e929 | 0000 0048 | 83bf f000 
  0x0000015180108e44: 0000 0075 | 1748 89b7 | f000 0000 | 48c7 87f8 | 0000 0001 | 0000 00e9 | 0800 0000 | 4883 87d8 
  0x0000015180108e64: 0000 0001 | 498b f04c | 8bc6 4889 | 7424 2066 | 9048 b870 | 5879 ff51 

  0x0000015180108e7c: ;   {virtual_call}
  0x0000015180108e7c: 0100 00e8 

  0x0000015180108e80: ; ImmutableOopMap {[32]=Oop }
                      ;*invokevirtual loadClassOrNull {reexecute=0 rethrow=0 return_oop=0}
                      ; - jdk.internal.loader.BuiltinClassLoader::loadClass@3 (line 579)
  0x0000015180108e80: 0e87 ffff 

  0x0000015180108e84: ;   {post_call_nop}
  0x0000015180108e84: 0f1f 8400 | fc01 0000 

  0x0000015180108e8c: ;   {metadata(method data for {method} {0x000001518f114ba8} 'loadClass' '(Ljava/lang/String;Z)Ljava/lang/Class;' in 'jdk/internal/loader/BuiltinClassLoader')}
  0x0000015180108e8c: 4885 c048 | ba70 00db | 8f51 0100 | 00be 1801 | 0000 7405 | be08 0100 | 0048 8b3c | 3248 8d7f 
  0x0000015180108eac: 0148 893c | 320f 8410 | 0000 0048 | 83c4 405d 

  0x0000015180108ebc: ;   {poll_return}
  0x0000015180108ebc: 493b 6728 | 0f87 b900 | 0000 c34c | 8b44 2420 | 0f1f 4000 

  0x0000015180108ed0: ;   {other}
  0x0000015180108ed0: e9cf 0000 | 0000 0000 | 0000 80ba | 6801 0000 | 040f 85cc | 0000 0049 | 8b87 c801 | 0000 488d 
  0x0000015180108ef0: 7828 493b | bfd8 0100 | 000f 87b4 | 0000 0049 | 89bf c801 | 0000 48c7 | 0001 0000 | 0048 8bca 
  0x0000015180108f10: 8948 0848 | 33c9 8948 | 0c48 33c9 | 4889 4810 | 4889 4818 | 4889 4820 

  0x0000015180108f28: ;   {metadata(method data for {method} {0x000001518f114ba8} 'loadClass' '(Ljava/lang/String;Z)Ljava/lang/Class;' in 'jdk/internal/loader/BuiltinClassLoader')}
  0x0000015180108f28: 488b d048 | be70 00db | 8f51 0100 | 0048 8386 | 2801 0000 | 0148 8bd0 | 4889 4424 

  0x0000015180108f44: ;   {optimized virtual_call}
  0x0000015180108f44: 2866 90e8 

  0x0000015180108f48: ; ImmutableOopMap {[40]=Oop }
                      ;*invokespecial <init> {reexecute=0 rethrow=0 return_oop=0}
                      ; - jdk.internal.loader.BuiltinClassLoader::loadClass@16 (line 581)
  0x0000015180108f48: 945e 4707 

  0x0000015180108f4c: ;   {post_call_nop}
  0x0000015180108f4c: 0f1f 8400 | c402 0001 | 488b 4424 | 28e9 7f00 

  0x0000015180108f5c: ;   {metadata({method} {0x000001518f114ba8} 'loadClass' '(Ljava/lang/String;Z)Ljava/lang/Class;' in 'jdk/internal/loader/BuiltinClassLoader')}
  0x0000015180108f5c: 0000 49ba | a04b 118f | 5101 0000 | 4c89 5424 | 0848 c704 | 24ff ffff 

  0x0000015180108f74: ;   {runtime_call C1 Runtime counter_overflow_blob}
  0x0000015180108f74: ffe8 6632 

  0x0000015180108f78: ; ImmutableOopMap {rdx=Oop r8=Oop }
                      ;*synchronization entry
                      ; - jdk.internal.loader.BuiltinClassLoader::loadClass@-1 (line 579)
  0x0000015180108f78: 5407 e963 

  0x0000015180108f7c: ;   {internal_word}
  0x0000015180108f7c: feff ff49 | babc 8e10 | 8051 0100 | 004d 8997 | e004 0000 

  0x0000015180108f90: ;   {runtime_call SafepointBlob}
  0x0000015180108f90: e9cb 7f47 

  0x0000015180108f94: ;   {metadata(nullptr)}
  0x0000015180108f94: 0748 ba00 | 0000 0000 | 0000 00b8 | 000f 050a 

  0x0000015180108fa4: ;   {runtime_call C1 Runtime load_klass_patching_blob}
  0x0000015180108fa4: e837 1154 

  0x0000015180108fa8: ; ImmutableOopMap {r8=Oop }
                      ;*new {reexecute=1 rethrow=0 return_oop=0}
                      ; - (reexecute) jdk.internal.loader.BuiltinClassLoader::loadClass@11 (line 581)
  0x0000015180108fa8: 07e9 22ff 

  0x0000015180108fac: ;   {runtime_call C1 Runtime throw_null_pointer_exception_blob}
  0x0000015180108fac: ffff e82d 

  0x0000015180108fb0: ; ImmutableOopMap {r8=Oop }
                      ;*new {reexecute=0 rethrow=0 return_oop=0}
                      ; - jdk.internal.loader.BuiltinClassLoader::loadClass@11 (line 581)
  0x0000015180108fb0: d853 0748 

  0x0000015180108fb4: ;   {runtime_call C1 Runtime fast_new_instance_init_check_blob}
  0x0000015180108fb4: 8bd2 e825 

  0x0000015180108fb8: ; ImmutableOopMap {r8=Oop }
                      ;*new {reexecute=0 rethrow=0 return_oop=0}
                      ; - jdk.internal.loader.BuiltinClassLoader::loadClass@11 (line 581)
  0x0000015180108fb8: e453 07e9 | 68ff ffff | 498b 8788 | 0500 0049 | c787 8805 | 0000 0000 | 0000 49c7 | 8790 0500 
  0x0000015180108fd8: 0000 0000 | 0048 83c4 

  0x0000015180108fe0: ;   {runtime_call C1 Runtime unwind_exception_blob}
  0x0000015180108fe0: 405d e979 | 1552 07f4 
[Stub Code]
  0x0000015180108fe8: ;   {other}
  0x0000015180108fe8: 0f1f 4400 

  0x0000015180108fec: ;   {static_stub}
  0x0000015180108fec: 0048 bb00 | 0000 0000 

  0x0000015180108ff4: ;   {runtime_call nmethod}
  0x0000015180108ff4: 0000 00e9 | fbff ffff 

  0x0000015180108ffc: ;   {static_stub}
  0x0000015180108ffc: 9048 bb00 | 0000 0000 

  0x0000015180109004: ;   {runtime_call nmethod}
  0x0000015180109004: 0000 00e9 | fbff ffff 
[Exception Handler]
  0x000001518010900c: ;   {runtime_call C1 Runtime handle_exception_from_callee_blob}
  0x000001518010900c: e8cf f553 

  0x0000015180109010: ;   {external_word}
  0x0000015180109010: 0748 b930 | 9412 77ff | 7f00 0048 

  0x000001518010901c: ;   {runtime_call}
  0x000001518010901c: 83e4 f048 | b880 01cd | 76ff 7f00 | 00ff d0f4 
[Deopt Handler Code]
  0x000001518010902c: ;   {section_word}
  0x000001518010902c: 49ba 2c90 | 1080 5101 | 0000 4152 

  0x0000015180109038: ;   {runtime_call DeoptimizationBlob}
  0x0000015180109038: e923 8247 | 07f4 f4f4 
[/MachCode]


---------------  P R O C E S S  ---------------

Threads class SMR info:
_java_thread_list=0x00000151ff79af10, length=13, elements={
0x00000151f369be10, 0x00000151fea172b0, 0x00000151febb48b0, 0x00000151febb9720,
0x00000151febbd300, 0x00000151febbdec0, 0x00000151febe0f20, 0x00000151febe16e0,
0x00000151fea2b5f0, 0x00000151fea352e0, 0x00000151fed28a20, 0x00000151ff4430b0,
0x00000151ff7ad370
}

Java Threads: ( => current thread )
  0x00000151f369be10 JavaThread "main"                              [_thread_blocked, id=5692, stack(0x0000004090500000,0x0000004090600000) (1024K)]
  0x00000151fea172b0 JavaThread "Common-Cleaner"             daemon [_thread_blocked, id=11108, stack(0x0000004090d00000,0x0000004090e00000) (1024K)]
  0x00000151febb48b0 JavaThread "Reference Handler"          daemon [_thread_blocked, id=7720, stack(0x0000004090e00000,0x0000004090f00000) (1024K)]
  0x00000151febb9720 JavaThread "Finalizer"                  daemon [_thread_blocked, id=7036, stack(0x0000004090f00000,0x0000004091000000) (1024K)]
  0x00000151febbd300 JavaThread "Signal Dispatcher"          daemon [_thread_blocked, id=12616, stack(0x0000004091000000,0x0000004091100000) (1024K)]
  0x00000151febbdec0 JavaThread "Attach Listener"            daemon [_thread_blocked, id=12740, stack(0x0000004091100000,0x0000004091200000) (1024K)]
  0x00000151febe0f20 JavaThread "Service Thread"             daemon [_thread_blocked, id=15092, stack(0x0000004091200000,0x0000004091300000) (1024K)]
  0x00000151febe16e0 JavaThread "Monitor Deflation Thread"   daemon [_thread_blocked, id=12356, stack(0x0000004091300000,0x0000004091400000) (1024K)]
  0x00000151fea2b5f0 JavaThread "C2 CompilerThread0"         daemon [_thread_in_native, id=16160, stack(0x0000004091400000,0x0000004091500000) (1024K)]
  0x00000151fea352e0 JavaThread "C1 CompilerThread0"         daemon [_thread_blocked, id=11080, stack(0x0000004091500000,0x0000004091600000) (1024K)]
  0x00000151fed28a20 JavaThread "Notification Thread"        daemon [_thread_blocked, id=11456, stack(0x0000004091600000,0x0000004091700000) (1024K)]
  0x00000151ff4430b0 JavaThread "HttpClient-1-SelectorManager" daemon [_thread_in_native, id=2152, stack(0x0000004091700000,0x0000004091800000) (1024K)]
=>0x00000151ff7ad370 JavaThread "HttpClient-1-Worker-0"      daemon [_thread_in_vm, id=7576, stack(0x0000004091900000,0x0000004091a00000) (1024K)]
Total: 13

Other Threads:
  0x00000151fe9d7e20 VMThread "VM Thread"                           [id=3996, stack(0x0000004090c00000,0x0000004090d00000) (1024K)]
  0x00000151fe9b3600 WatcherThread "VM Periodic Task Thread"        [id=15864, stack(0x0000004090b00000,0x0000004090c00000) (1024K)]
  0x00000151f59dc220 WorkerThread "GC Thread#0"                     [id=2112, stack(0x0000004090600000,0x0000004090700000) (1024K)]
  0x00000151f5a33410 ConcurrentGCThread "G1 Main Marker"            [id=13264, stack(0x0000004090700000,0x0000004090800000) (1024K)]
  0x00000151f5a34750 WorkerThread "G1 Conc#0"                       [id=11340, stack(0x0000004090800000,0x0000004090900000) (1024K)]
  0x00000151fe887120 ConcurrentGCThread "G1 Refine#0"               [id=3416, stack(0x0000004090900000,0x0000004090a00000) (1024K)]
  0x00000151fe887b30 ConcurrentGCThread "G1 Service"                [id=12912, stack(0x0000004090a00000,0x0000004090b00000) (1024K)]
Total: 7

Threads with active compile tasks:
C2 CompilerThread0  5522  983   !   4       java.util.concurrent.ConcurrentHashMap::putVal (432 bytes)
Total: 1

VM state: not at safepoint (normal execution)

VM Mutex/Monitor currently owned by a thread:  ([mutex/lock_event])
[0x00007fff7741f810] Metaspace_lock - owner thread: 0x00000151ff7ad370

Heap address: 0x0000000081400000, size: 2028 MB, Compressed Oops mode: 32-bit

CDS archive(s) not mapped
Compressed class space mapped at: 0x0000000003000000-0x0000000043000000, reserved size: 1073741824
UseCompressedClassPointers 1, UseCompactObjectHeaders 0
Narrow klass pointer bits 32, Max shift 3
Narrow klass base: 0x0000000000000000, Narrow klass shift: 0
Encoding Range: [0x0000000000000000 - 0x0000000100000000), (4294967296 bytes)
Klass Range:    [0x0000000003000000 - 0x0000000043000000), (1073741824 bytes)
Klass ID Range:  [50331648 - 1124073465) (1073741817)
No protection zone.

GC Precious Log:
 CardTable entry size: 512
 Card Set container configuration: InlinePtr #cards 5 size 8 Array Of Cards #cards 10 size 36 Howl #buckets 4 coarsen threshold 1843 Howl Bitmap #cards 512 size 80 coarsen threshold 460 Card regions per heap region 1 cards per card region 2048
 CPUs: 4 total, 4 available
 Memory: 8105M
 Large Page Support: Disabled
 NUMA Support: Disabled
 Compressed Oops: Enabled (32-bit)
 Heap Region Size: 1M
 Heap Min Capacity: 8M
 Heap Initial Capacity: 128M
 Heap Max Capacity: 2028M
 Pre-touch: Disabled
 Parallel Workers: 4
 Concurrent Workers: 1
 Concurrent Refinement Workers: 4
 Periodic GC: Disabled

Heap:
 garbage-first heap   total reserved 2076672K, committed 131072K, used 11264K [0x0000000081400000, 0x0000000100000000)
  region size 1024K, 12 young (12288K), 0 survivors (0K)

Heap Regions: E=young(eden), S=young(survivor), O=old, HS=humongous(starts), HC=humongous(continues), CS=collection set, F=free, TAMS=top-at-mark-start, PB=parsable bottom
|   0|0x0000000081400000, 0x0000000081400000, 0x0000000081500000|  0%| F|  |TAMS 0x0000000081400000| PB 0x0000000081400000| Untracked |  0
|   1|0x0000000081500000, 0x0000000081500000, 0x0000000081600000|  0%| F|  |TAMS 0x0000000081500000| PB 0x0000000081500000| Untracked |  0
|   2|0x0000000081600000, 0x0000000081600000, 0x0000000081700000|  0%| F|  |TAMS 0x0000000081600000| PB 0x0000000081600000| Untracked |  0
|   3|0x0000000081700000, 0x0000000081700000, 0x0000000081800000|  0%| F|  |TAMS 0x0000000081700000| PB 0x0000000081700000| Untracked |  0
|   4|0x0000000081800000, 0x0000000081800000, 0x0000000081900000|  0%| F|  |TAMS 0x0000000081800000| PB 0x0000000081800000| Untracked |  0
|   5|0x0000000081900000, 0x0000000081900000, 0x0000000081a00000|  0%| F|  |TAMS 0x0000000081900000| PB 0x0000000081900000| Untracked |  0
|   6|0x0000000081a00000, 0x0000000081a00000, 0x0000000081b00000|  0%| F|  |TAMS 0x0000000081a00000| PB 0x0000000081a00000| Untracked |  0
|   7|0x0000000081b00000, 0x0000000081b00000, 0x0000000081c00000|  0%| F|  |TAMS 0x0000000081b00000| PB 0x0000000081b00000| Untracked |  0
|   8|0x0000000081c00000, 0x0000000081c00000, 0x0000000081d00000|  0%| F|  |TAMS 0x0000000081c00000| PB 0x0000000081c00000| Untracked |  0
|   9|0x0000000081d00000, 0x0000000081d00000, 0x0000000081e00000|  0%| F|  |TAMS 0x0000000081d00000| PB 0x0000000081d00000| Untracked |  0
|  10|0x0000000081e00000, 0x0000000081e00000, 0x0000000081f00000|  0%| F|  |TAMS 0x0000000081e00000| PB 0x0000000081e00000| Untracked |  0
|  11|0x0000000081f00000, 0x0000000081f00000, 0x0000000082000000|  0%| F|  |TAMS 0x0000000081f00000| PB 0x0000000081f00000| Untracked |  0
|  12|0x0000000082000000, 0x0000000082000000, 0x0000000082100000|  0%| F|  |TAMS 0x0000000082000000| PB 0x0000000082000000| Untracked |  0
|  13|0x0000000082100000, 0x0000000082100000, 0x0000000082200000|  0%| F|  |TAMS 0x0000000082100000| PB 0x0000000082100000| Untracked |  0
|  14|0x0000000082200000, 0x0000000082200000, 0x0000000082300000|  0%| F|  |TAMS 0x0000000082200000| PB 0x0000000082200000| Untracked |  0
|  15|0x0000000082300000, 0x0000000082300000, 0x0000000082400000|  0%| F|  |TAMS 0x0000000082300000| PB 0x0000000082300000| Untracked |  0
|  16|0x0000000082400000, 0x0000000082400000, 0x0000000082500000|  0%| F|  |TAMS 0x0000000082400000| PB 0x0000000082400000| Untracked |  0
|  17|0x0000000082500000, 0x0000000082500000, 0x0000000082600000|  0%| F|  |TAMS 0x0000000082500000| PB 0x0000000082500000| Untracked |  0
|  18|0x0000000082600000, 0x0000000082600000, 0x0000000082700000|  0%| F|  |TAMS 0x0000000082600000| PB 0x0000000082600000| Untracked |  0
|  19|0x0000000082700000, 0x0000000082700000, 0x0000000082800000|  0%| F|  |TAMS 0x0000000082700000| PB 0x0000000082700000| Untracked |  0
|  20|0x0000000082800000, 0x0000000082800000, 0x0000000082900000|  0%| F|  |TAMS 0x0000000082800000| PB 0x0000000082800000| Untracked |  0
|  21|0x0000000082900000, 0x0000000082900000, 0x0000000082a00000|  0%| F|  |TAMS 0x0000000082900000| PB 0x0000000082900000| Untracked |  0
|  22|0x0000000082a00000, 0x0000000082a00000, 0x0000000082b00000|  0%| F|  |TAMS 0x0000000082a00000| PB 0x0000000082a00000| Untracked |  0
|  23|0x0000000082b00000, 0x0000000082b00000, 0x0000000082c00000|  0%| F|  |TAMS 0x0000000082b00000| PB 0x0000000082b00000| Untracked |  0
|  24|0x0000000082c00000, 0x0000000082c00000, 0x0000000082d00000|  0%| F|  |TAMS 0x0000000082c00000| PB 0x0000000082c00000| Untracked |  0
|  25|0x0000000082d00000, 0x0000000082d00000, 0x0000000082e00000|  0%| F|  |TAMS 0x0000000082d00000| PB 0x0000000082d00000| Untracked |  0
|  26|0x0000000082e00000, 0x0000000082e00000, 0x0000000082f00000|  0%| F|  |TAMS 0x0000000082e00000| PB 0x0000000082e00000| Untracked |  0
|  27|0x0000000082f00000, 0x0000000082f00000, 0x0000000083000000|  0%| F|  |TAMS 0x0000000082f00000| PB 0x0000000082f00000| Untracked |  0
|  28|0x0000000083000000, 0x0000000083000000, 0x0000000083100000|  0%| F|  |TAMS 0x0000000083000000| PB 0x0000000083000000| Untracked |  0
|  29|0x0000000083100000, 0x0000000083100000, 0x0000000083200000|  0%| F|  |TAMS 0x0000000083100000| PB 0x0000000083100000| Untracked |  0
|  30|0x0000000083200000, 0x0000000083200000, 0x0000000083300000|  0%| F|  |TAMS 0x0000000083200000| PB 0x0000000083200000| Untracked |  0
|  31|0x0000000083300000, 0x0000000083300000, 0x0000000083400000|  0%| F|  |TAMS 0x0000000083300000| PB 0x0000000083300000| Untracked |  0
|  32|0x0000000083400000, 0x0000000083400000, 0x0000000083500000|  0%| F|  |TAMS 0x0000000083400000| PB 0x0000000083400000| Untracked |  0
|  33|0x0000000083500000, 0x0000000083500000, 0x0000000083600000|  0%| F|  |TAMS 0x0000000083500000| PB 0x0000000083500000| Untracked |  0
|  34|0x0000000083600000, 0x0000000083600000, 0x0000000083700000|  0%| F|  |TAMS 0x0000000083600000| PB 0x0000000083600000| Untracked |  0
|  35|0x0000000083700000, 0x0000000083700000, 0x0000000083800000|  0%| F|  |TAMS 0x0000000083700000| PB 0x0000000083700000| Untracked |  0
|  36|0x0000000083800000, 0x0000000083800000, 0x0000000083900000|  0%| F|  |TAMS 0x0000000083800000| PB 0x0000000083800000| Untracked |  0
|  37|0x0000000083900000, 0x0000000083900000, 0x0000000083a00000|  0%| F|  |TAMS 0x0000000083900000| PB 0x0000000083900000| Untracked |  0
|  38|0x0000000083a00000, 0x0000000083a00000, 0x0000000083b00000|  0%| F|  |TAMS 0x0000000083a00000| PB 0x0000000083a00000| Untracked |  0
|  39|0x0000000083b00000, 0x0000000083b00000, 0x0000000083c00000|  0%| F|  |TAMS 0x0000000083b00000| PB 0x0000000083b00000| Untracked |  0
|  40|0x0000000083c00000, 0x0000000083c00000, 0x0000000083d00000|  0%| F|  |TAMS 0x0000000083c00000| PB 0x0000000083c00000| Untracked |  0
|  41|0x0000000083d00000, 0x0000000083d00000, 0x0000000083e00000|  0%| F|  |TAMS 0x0000000083d00000| PB 0x0000000083d00000| Untracked |  0
|  42|0x0000000083e00000, 0x0000000083e00000, 0x0000000083f00000|  0%| F|  |TAMS 0x0000000083e00000| PB 0x0000000083e00000| Untracked |  0
|  43|0x0000000083f00000, 0x0000000083f00000, 0x0000000084000000|  0%| F|  |TAMS 0x0000000083f00000| PB 0x0000000083f00000| Untracked |  0
|  44|0x0000000084000000, 0x0000000084000000, 0x0000000084100000|  0%| F|  |TAMS 0x0000000084000000| PB 0x0000000084000000| Untracked |  0
|  45|0x0000000084100000, 0x0000000084100000, 0x0000000084200000|  0%| F|  |TAMS 0x0000000084100000| PB 0x0000000084100000| Untracked |  0
|  46|0x0000000084200000, 0x0000000084200000, 0x0000000084300000|  0%| F|  |TAMS 0x0000000084200000| PB 0x0000000084200000| Untracked |  0
|  47|0x0000000084300000, 0x0000000084300000, 0x0000000084400000|  0%| F|  |TAMS 0x0000000084300000| PB 0x0000000084300000| Untracked |  0
|  48|0x0000000084400000, 0x0000000084400000, 0x0000000084500000|  0%| F|  |TAMS 0x0000000084400000| PB 0x0000000084400000| Untracked |  0
|  49|0x0000000084500000, 0x0000000084500000, 0x0000000084600000|  0%| F|  |TAMS 0x0000000084500000| PB 0x0000000084500000| Untracked |  0
|  50|0x0000000084600000, 0x0000000084600000, 0x0000000084700000|  0%| F|  |TAMS 0x0000000084600000| PB 0x0000000084600000| Untracked |  0
|  51|0x0000000084700000, 0x0000000084700000, 0x0000000084800000|  0%| F|  |TAMS 0x0000000084700000| PB 0x0000000084700000| Untracked |  0
|  52|0x0000000084800000, 0x0000000084800000, 0x0000000084900000|  0%| F|  |TAMS 0x0000000084800000| PB 0x0000000084800000| Untracked |  0
|  53|0x0000000084900000, 0x0000000084900000, 0x0000000084a00000|  0%| F|  |TAMS 0x0000000084900000| PB 0x0000000084900000| Untracked |  0
|  54|0x0000000084a00000, 0x0000000084a00000, 0x0000000084b00000|  0%| F|  |TAMS 0x0000000084a00000| PB 0x0000000084a00000| Untracked |  0
|  55|0x0000000084b00000, 0x0000000084b00000, 0x0000000084c00000|  0%| F|  |TAMS 0x0000000084b00000| PB 0x0000000084b00000| Untracked |  0
|  56|0x0000000084c00000, 0x0000000084c00000, 0x0000000084d00000|  0%| F|  |TAMS 0x0000000084c00000| PB 0x0000000084c00000| Untracked |  0
|  57|0x0000000084d00000, 0x0000000084d00000, 0x0000000084e00000|  0%| F|  |TAMS 0x0000000084d00000| PB 0x0000000084d00000| Untracked |  0
|  58|0x0000000084e00000, 0x0000000084e00000, 0x0000000084f00000|  0%| F|  |TAMS 0x0000000084e00000| PB 0x0000000084e00000| Untracked |  0
|  59|0x0000000084f00000, 0x0000000084f00000, 0x0000000085000000|  0%| F|  |TAMS 0x0000000084f00000| PB 0x0000000084f00000| Untracked |  0
|  60|0x0000000085000000, 0x0000000085000000, 0x0000000085100000|  0%| F|  |TAMS 0x0000000085000000| PB 0x0000000085000000| Untracked |  0
|  61|0x0000000085100000, 0x0000000085100000, 0x0000000085200000|  0%| F|  |TAMS 0x0000000085100000| PB 0x0000000085100000| Untracked |  0
|  62|0x0000000085200000, 0x0000000085200000, 0x0000000085300000|  0%| F|  |TAMS 0x0000000085200000| PB 0x0000000085200000| Untracked |  0
|  63|0x0000000085300000, 0x0000000085300000, 0x0000000085400000|  0%| F|  |TAMS 0x0000000085300000| PB 0x0000000085300000| Untracked |  0
|  64|0x0000000085400000, 0x0000000085400000, 0x0000000085500000|  0%| F|  |TAMS 0x0000000085400000| PB 0x0000000085400000| Untracked |  0
|  65|0x0000000085500000, 0x0000000085500000, 0x0000000085600000|  0%| F|  |TAMS 0x0000000085500000| PB 0x0000000085500000| Untracked |  0
|  66|0x0000000085600000, 0x0000000085600000, 0x0000000085700000|  0%| F|  |TAMS 0x0000000085600000| PB 0x0000000085600000| Untracked |  0
|  67|0x0000000085700000, 0x0000000085700000, 0x0000000085800000|  0%| F|  |TAMS 0x0000000085700000| PB 0x0000000085700000| Untracked |  0
|  68|0x0000000085800000, 0x0000000085800000, 0x0000000085900000|  0%| F|  |TAMS 0x0000000085800000| PB 0x0000000085800000| Untracked |  0
|  69|0x0000000085900000, 0x0000000085900000, 0x0000000085a00000|  0%| F|  |TAMS 0x0000000085900000| PB 0x0000000085900000| Untracked |  0
|  70|0x0000000085a00000, 0x0000000085a00000, 0x0000000085b00000|  0%| F|  |TAMS 0x0000000085a00000| PB 0x0000000085a00000| Untracked |  0
|  71|0x0000000085b00000, 0x0000000085b00000, 0x0000000085c00000|  0%| F|  |TAMS 0x0000000085b00000| PB 0x0000000085b00000| Untracked |  0
|  72|0x0000000085c00000, 0x0000000085c00000, 0x0000000085d00000|  0%| F|  |TAMS 0x0000000085c00000| PB 0x0000000085c00000| Untracked |  0
|  73|0x0000000085d00000, 0x0000000085d00000, 0x0000000085e00000|  0%| F|  |TAMS 0x0000000085d00000| PB 0x0000000085d00000| Untracked |  0
|  74|0x0000000085e00000, 0x0000000085e00000, 0x0000000085f00000|  0%| F|  |TAMS 0x0000000085e00000| PB 0x0000000085e00000| Untracked |  0
|  75|0x0000000085f00000, 0x0000000085f00000, 0x0000000086000000|  0%| F|  |TAMS 0x0000000085f00000| PB 0x0000000085f00000| Untracked |  0
|  76|0x0000000086000000, 0x0000000086000000, 0x0000000086100000|  0%| F|  |TAMS 0x0000000086000000| PB 0x0000000086000000| Untracked |  0
|  77|0x0000000086100000, 0x0000000086100000, 0x0000000086200000|  0%| F|  |TAMS 0x0000000086100000| PB 0x0000000086100000| Untracked |  0
|  78|0x0000000086200000, 0x0000000086200000, 0x0000000086300000|  0%| F|  |TAMS 0x0000000086200000| PB 0x0000000086200000| Untracked |  0
|  79|0x0000000086300000, 0x0000000086300000, 0x0000000086400000|  0%| F|  |TAMS 0x0000000086300000| PB 0x0000000086300000| Untracked |  0
|  80|0x0000000086400000, 0x0000000086400000, 0x0000000086500000|  0%| F|  |TAMS 0x0000000086400000| PB 0x0000000086400000| Untracked |  0
|  81|0x0000000086500000, 0x0000000086500000, 0x0000000086600000|  0%| F|  |TAMS 0x0000000086500000| PB 0x0000000086500000| Untracked |  0
|  82|0x0000000086600000, 0x0000000086600000, 0x0000000086700000|  0%| F|  |TAMS 0x0000000086600000| PB 0x0000000086600000| Untracked |  0
|  83|0x0000000086700000, 0x0000000086700000, 0x0000000086800000|  0%| F|  |TAMS 0x0000000086700000| PB 0x0000000086700000| Untracked |  0
|  84|0x0000000086800000, 0x0000000086800000, 0x0000000086900000|  0%| F|  |TAMS 0x0000000086800000| PB 0x0000000086800000| Untracked |  0
|  85|0x0000000086900000, 0x0000000086900000, 0x0000000086a00000|  0%| F|  |TAMS 0x0000000086900000| PB 0x0000000086900000| Untracked |  0
|  86|0x0000000086a00000, 0x0000000086a00000, 0x0000000086b00000|  0%| F|  |TAMS 0x0000000086a00000| PB 0x0000000086a00000| Untracked |  0
|  87|0x0000000086b00000, 0x0000000086b00000, 0x0000000086c00000|  0%| F|  |TAMS 0x0000000086b00000| PB 0x0000000086b00000| Untracked |  0
|  88|0x0000000086c00000, 0x0000000086c00000, 0x0000000086d00000|  0%| F|  |TAMS 0x0000000086c00000| PB 0x0000000086c00000| Untracked |  0
|  89|0x0000000086d00000, 0x0000000086d00000, 0x0000000086e00000|  0%| F|  |TAMS 0x0000000086d00000| PB 0x0000000086d00000| Untracked |  0
|  90|0x0000000086e00000, 0x0000000086e00000, 0x0000000086f00000|  0%| F|  |TAMS 0x0000000086e00000| PB 0x0000000086e00000| Untracked |  0
|  91|0x0000000086f00000, 0x0000000086f00000, 0x0000000087000000|  0%| F|  |TAMS 0x0000000086f00000| PB 0x0000000086f00000| Untracked |  0
|  92|0x0000000087000000, 0x0000000087000000, 0x0000000087100000|  0%| F|  |TAMS 0x0000000087000000| PB 0x0000000087000000| Untracked |  0
|  93|0x0000000087100000, 0x0000000087100000, 0x0000000087200000|  0%| F|  |TAMS 0x0000000087100000| PB 0x0000000087100000| Untracked |  0
|  94|0x0000000087200000, 0x0000000087200000, 0x0000000087300000|  0%| F|  |TAMS 0x0000000087200000| PB 0x0000000087200000| Untracked |  0
|  95|0x0000000087300000, 0x0000000087300000, 0x0000000087400000|  0%| F|  |TAMS 0x0000000087300000| PB 0x0000000087300000| Untracked |  0
|  96|0x0000000087400000, 0x0000000087400000, 0x0000000087500000|  0%| F|  |TAMS 0x0000000087400000| PB 0x0000000087400000| Untracked |  0
|  97|0x0000000087500000, 0x0000000087500000, 0x0000000087600000|  0%| F|  |TAMS 0x0000000087500000| PB 0x0000000087500000| Untracked |  0
|  98|0x0000000087600000, 0x0000000087600000, 0x0000000087700000|  0%| F|  |TAMS 0x0000000087600000| PB 0x0000000087600000| Untracked |  0
|  99|0x0000000087700000, 0x0000000087700000, 0x0000000087800000|  0%| F|  |TAMS 0x0000000087700000| PB 0x0000000087700000| Untracked |  0
| 100|0x0000000087800000, 0x0000000087800000, 0x0000000087900000|  0%| F|  |TAMS 0x0000000087800000| PB 0x0000000087800000| Untracked |  0
| 101|0x0000000087900000, 0x0000000087900000, 0x0000000087a00000|  0%| F|  |TAMS 0x0000000087900000| PB 0x0000000087900000| Untracked |  0
| 102|0x0000000087a00000, 0x0000000087a00000, 0x0000000087b00000|  0%| F|  |TAMS 0x0000000087a00000| PB 0x0000000087a00000| Untracked |  0
| 103|0x0000000087b00000, 0x0000000087b00000, 0x0000000087c00000|  0%| F|  |TAMS 0x0000000087b00000| PB 0x0000000087b00000| Untracked |  0
| 104|0x0000000087c00000, 0x0000000087c00000, 0x0000000087d00000|  0%| F|  |TAMS 0x0000000087c00000| PB 0x0000000087c00000| Untracked |  0
| 105|0x0000000087d00000, 0x0000000087d00000, 0x0000000087e00000|  0%| F|  |TAMS 0x0000000087d00000| PB 0x0000000087d00000| Untracked |  0
| 106|0x0000000087e00000, 0x0000000087e00000, 0x0000000087f00000|  0%| F|  |TAMS 0x0000000087e00000| PB 0x0000000087e00000| Untracked |  0
| 107|0x0000000087f00000, 0x0000000087f00000, 0x0000000088000000|  0%| F|  |TAMS 0x0000000087f00000| PB 0x0000000087f00000| Untracked |  0
| 108|0x0000000088000000, 0x0000000088000000, 0x0000000088100000|  0%| F|  |TAMS 0x0000000088000000| PB 0x0000000088000000| Untracked |  0
| 109|0x0000000088100000, 0x0000000088100000, 0x0000000088200000|  0%| F|  |TAMS 0x0000000088100000| PB 0x0000000088100000| Untracked |  0
| 110|0x0000000088200000, 0x0000000088200000, 0x0000000088300000|  0%| F|  |TAMS 0x0000000088200000| PB 0x0000000088200000| Untracked |  0
| 111|0x0000000088300000, 0x0000000088300000, 0x0000000088400000|  0%| F|  |TAMS 0x0000000088300000| PB 0x0000000088300000| Untracked |  0
| 112|0x0000000088400000, 0x0000000088400000, 0x0000000088500000|  0%| F|  |TAMS 0x0000000088400000| PB 0x0000000088400000| Untracked |  0
| 113|0x0000000088500000, 0x0000000088500000, 0x0000000088600000|  0%| F|  |TAMS 0x0000000088500000| PB 0x0000000088500000| Untracked |  0
| 114|0x0000000088600000, 0x0000000088600000, 0x0000000088700000|  0%| F|  |TAMS 0x0000000088600000| PB 0x0000000088600000| Untracked |  0
| 115|0x0000000088700000, 0x0000000088700000, 0x0000000088800000|  0%| F|  |TAMS 0x0000000088700000| PB 0x0000000088700000| Untracked |  0
| 116|0x0000000088800000, 0x0000000088884010, 0x0000000088900000| 51%| E|  |TAMS 0x0000000088800000| PB 0x0000000088800000| Complete |  0
| 117|0x0000000088900000, 0x0000000088a00000, 0x0000000088a00000|100%| E|CS|TAMS 0x0000000088900000| PB 0x0000000088900000| Complete |  0
| 118|0x0000000088a00000, 0x0000000088b00000, 0x0000000088b00000|100%| E|CS|TAMS 0x0000000088a00000| PB 0x0000000088a00000| Complete |  0
| 119|0x0000000088b00000, 0x0000000088c00000, 0x0000000088c00000|100%| E|CS|TAMS 0x0000000088b00000| PB 0x0000000088b00000| Complete |  0
| 120|0x0000000088c00000, 0x0000000088d00000, 0x0000000088d00000|100%| E|CS|TAMS 0x0000000088c00000| PB 0x0000000088c00000| Complete |  0
| 121|0x0000000088d00000, 0x0000000088e00000, 0x0000000088e00000|100%| E|CS|TAMS 0x0000000088d00000| PB 0x0000000088d00000| Complete |  0
| 122|0x0000000088e00000, 0x0000000088f00000, 0x0000000088f00000|100%| E|CS|TAMS 0x0000000088e00000| PB 0x0000000088e00000| Complete |  0
| 123|0x0000000088f00000, 0x0000000089000000, 0x0000000089000000|100%| E|CS|TAMS 0x0000000088f00000| PB 0x0000000088f00000| Complete |  0
| 124|0x0000000089000000, 0x0000000089100000, 0x0000000089100000|100%| E|CS|TAMS 0x0000000089000000| PB 0x0000000089000000| Complete |  0
| 125|0x0000000089100000, 0x0000000089200000, 0x0000000089200000|100%| E|CS|TAMS 0x0000000089100000| PB 0x0000000089100000| Complete |  0
| 126|0x0000000089200000, 0x0000000089300000, 0x0000000089300000|100%| E|CS|TAMS 0x0000000089200000| PB 0x0000000089200000| Complete |  0
| 127|0x0000000089300000, 0x0000000089400000, 0x0000000089400000|100%| E|CS|TAMS 0x0000000089300000| PB 0x0000000089300000| Complete |  0

Card table byte_map: [0x00000151fa190000,0x00000151fa590000] _byte_map_base: 0x00000151f9d86000

Marking Bits: (CMBitMap*) 0x00000151f59dc9b0
 Bits: [0x00000151fa590000, 0x00000151fc540000)

Polling page: 0x00000151f39d0000

Metaspace:
Metaspace        used 16204K, committed 16320K, reserved 1114112K
 class space     used 1589K, committed 1664K, reserved 1048576K

Usage:
  Non-class:     14.27 MB used.
      Class:      1.55 MB used.
       Both:     15.82 MB used.

Virtual space:
  Non-class space:       64.00 MB reserved,      14.31 MB ( 22%) committed,  1 nodes.
      Class space:        1.00 GB reserved,       1.62 MB ( <1%) committed,  1 nodes.
             Both:        1.06 GB reserved,      15.94 MB (  1%) committed. 

Chunk freelists:
   Non-Class:  755.00 KB
       Class:  14.19 MB
        Both:  14.93 MB

MaxMetaspaceSize: unlimited
CompressedClassSpaceSize: 1.00 GB
Initial GC threshold: 21.00 MB
Current GC threshold: 21.00 MB
CDS: off
 - commit_granule_bytes: 65536.
 - commit_granule_words: 8192.
 - virtual_space_node_default_size: 8388608.
 - enlarge_chunks_in_place: 1.
UseCompressedClassPointers 1, UseCompactObjectHeaders 0
Narrow klass pointer bits 32, Max shift 3
Narrow klass base: 0x0000000000000000, Narrow klass shift: 0
Encoding Range: [0x0000000000000000 - 0x0000000100000000), (4294967296 bytes)
Klass Range:    [0x0000000003000000 - 0x0000000043000000), (1073741824 bytes)
Klass ID Range:  [50331648 - 1124073465) (1073741817)
No protection zone.


Internal statistics:

num_allocs_failed_limit: 0.
num_arena_births: 68.
num_arena_deaths: 0.
num_vsnodes_births: 2.
num_vsnodes_deaths: 0.
num_space_committed: 255.
num_space_uncommitted: 0.
num_chunks_returned_to_freelist: 0.
num_chunks_taken_from_freelist: 184.
num_chunk_merges: 0.
num_chunk_splits: 94.
num_chunks_enlarged: 59.
num_inconsistent_stats: 0.

CodeHeap 'non-profiled nmethods': size=120064Kb used=274Kb max_used=274Kb free=119789Kb
 bounds [0x0000015187ac0000, 0x0000015187d30000, 0x000001518f000000]
CodeHeap 'profiled nmethods': size=120000Kb used=1237Kb max_used=1237Kb free=118762Kb
 bounds [0x0000015180000000, 0x0000015180270000, 0x0000015187530000]
CodeHeap 'non-nmethods': size=5696Kb used=1389Kb max_used=1393Kb free=4306Kb
 bounds [0x0000015187530000, 0x00000151877a0000, 0x0000015187ac0000]
CodeCache: size=245760Kb, used=2900Kb, max_used=2904Kb, free=242857Kb
 total_blobs=1497, nmethods=984, adapters=416, full_count=0
Compilation: enabled, stopped_count=0, restarted_count=0

Compilation events (20 events):
Event: 5.040 Thread 0x00000151fea352e0  970       1       java.lang.classfile.ClassFile::latestMinorVersion (2 bytes)
Event: 5.040 Thread 0x00000151fea352e0 nmethod 970 0x0000015187b03988 code [0x0000015187b03a80, 0x0000015187b03b28]
Event: 5.040 Thread 0x00000151fea352e0  971       1       jdk.internal.classfile.impl.DirectClassBuilder::setFlags (6 bytes)
Event: 5.040 Thread 0x00000151fea352e0 nmethod 971 0x0000015187b03c88 code [0x0000015187b03d80, 0x0000015187b03e48]
Event: 5.040 Thread 0x00000151fea352e0  973       3       jdk.internal.classfile.impl.DirectCodeBuilder::loadLocal (126 bytes)
Event: 5.041 Thread 0x00000151fea352e0 nmethod 973 0x000001518012e088 code [0x000001518012e180, 0x000001518012f140]
Event: 5.041 Thread 0x00000151fea352e0  974       3       jdk.internal.classfile.impl.Util::fieldTypeSymbol (8 bytes)
Event: 5.042 Thread 0x00000151fea352e0 nmethod 974 0x000001518012f188 code [0x000001518012f280, 0x000001518012fbc8]
Event: 5.043 Thread 0x00000151fea352e0  976       3       java.lang.invoke.MemberName::<init> (50 bytes)
Event: 5.044 Thread 0x00000151fea352e0 nmethod 976 0x000001518012fc08 code [0x000001518012fd00, 0x00000151801300f0]
Event: 5.045 Thread 0x00000151fea352e0  979       3       jdk.internal.classfile.impl.StackMapGenerator$Frame::getLocalRawInternal (13 bytes)
Event: 5.045 Thread 0x00000151fea352e0 nmethod 979 0x0000015180130108 code [0x0000015180130200, 0x00000151801303f8]
Event: 5.045 Thread 0x00000151fea352e0  980       3       java.lang.invoke.InnerClassLambdaMetafactory::argName (38 bytes)
Event: 5.046 Thread 0x00000151fea352e0 nmethod 980 0x0000015180130408 code [0x0000015180130500, 0x0000015180130c40]
Event: 5.046 Thread 0x00000151fea352e0  981       3       java.util.ArrayList::<init> (61 bytes)
Event: 5.047 Thread 0x00000151fea352e0 nmethod 981 0x0000015180130c88 code [0x0000015180130d80, 0x0000015180131850]
Event: 5.050 Thread 0x00000151fea352e0  982       1       jdk.internal.constant.PrimitiveClassDescImpl::isPrimitive (2 bytes)
Event: 5.050 Thread 0x00000151fea352e0 nmethod 982 0x0000015187b04888 code [0x0000015187b04980, 0x0000015187b04a48]
Event: 5.051 Thread 0x00000151fea2b5f0  983   !   4       java.util.concurrent.ConcurrentHashMap::putVal (432 bytes)
Event: 5.052 Thread 0x00000151fea352e0  984       3       jdk.internal.jimage.ImageLocation::verifyName (161 bytes)

GC Heap Usage History (0 events):
No events

Metaspace Usage History (0 events):
No events

Dll operation events (2 events):
Event: 0.018 Loaded shared library C:\Program Files\JetBrains\PhpStorm 2026.1.2\jbr\bin\java.dll
Event: 0.374 Loaded shared library C:\Program Files\JetBrains\PhpStorm 2026.1.2\jbr\bin\zip.dll

Deoptimization events (14 events):
Event: 2.655 Thread 0x00000151f369be10 Uncommon trap: trap_request=0xffffff45 fr.pc=0x0000015187ac5234 relative=0x00000000000001b4
Event: 2.655 Thread 0x00000151f369be10 Uncommon trap: reason=unstable_if action=reinterpret pc=0x0000015187ac5234 method=java.lang.String.hashCode()I @ 13 c2
Event: 2.655 Thread 0x00000151f369be10 DEOPT PACKING pc=0x0000015187ac5234 sp=0x00000040905fbbc0
Event: 2.655 Thread 0x00000151f369be10 DEOPT UNPACKING pc=0x000001518764ad82 sp=0x00000040905fbb58 mode 2
Event: 3.846 Thread 0x00000151f369be10 DEOPT PACKING pc=0x000001518002e42b sp=0x00000040905fe010
Event: 3.846 Thread 0x00000151f369be10 DEOPT UNPACKING pc=0x0000015187581702 sp=0x00000040905fd4a8 mode 0
Event: 3.853 Thread 0x00000151f369be10 DEOPT PACKING pc=0x000001518002e42b sp=0x00000040905fe010
Event: 3.853 Thread 0x00000151f369be10 DEOPT UNPACKING pc=0x0000015187581702 sp=0x00000040905fd4a8 mode 0
Event: 3.918 Thread 0x00000151f369be10 DEOPT PACKING pc=0x000001518006a945 sp=0x00000040905fdee0
Event: 3.918 Thread 0x00000151f369be10 DEOPT UNPACKING pc=0x0000015187581702 sp=0x00000040905fd378 mode 0
Event: 4.996 Thread 0x00000151ff4430b0 Uncommon trap: trap_request=0xffffff45 fr.pc=0x0000015187add794 relative=0x0000000000000194
Event: 4.996 Thread 0x00000151ff4430b0 Uncommon trap: reason=unstable_if action=reinterpret pc=0x0000015187add794 method=java.lang.invoke.VarHandle.checkAccessModeThenIsDirect(Ljava/lang/invoke/VarHandle$AccessDescriptor;)Z @ 4 c2
Event: 4.996 Thread 0x00000151ff4430b0 DEOPT PACKING pc=0x0000015187add794 sp=0x00000040917ff4c0
Event: 4.996 Thread 0x00000151ff4430b0 DEOPT UNPACKING pc=0x000001518764ad82 sp=0x00000040917ff418 mode 2

Classes loaded (20 events):
Event: 5.016 Loading class java/util/concurrent/CompletableFuture$UniRelay done
Event: 5.035 Loading class jdk/internal/util/random/RandomSupport done
Event: 5.036 Loading class java/util/concurrent/ThreadLocalRandom$Access
Event: 5.036 Loading class java/util/concurrent/ThreadLocalRandom$Access done
Event: 5.036 Loading class java/util/concurrent/ThreadLocalRandom$Access$1
Event: 5.036 Loading class jdk/internal/access/JavaUtilConcurrentTLRAccess
Event: 5.036 Loading class jdk/internal/access/JavaUtilConcurrentTLRAccess done
Event: 5.036 Loading class java/util/concurrent/ThreadLocalRandom$Access$1 done
Event: 5.036 Loading class java/lang/invoke/VarHandleLongs$FieldInstanceReadWrite
Event: 5.036 Loading class java/lang/invoke/VarHandleLongs$FieldInstanceReadOnly
Event: 5.036 Loading class java/lang/invoke/VarHandleLongs$FieldInstanceReadOnly done
Event: 5.036 Loading class java/lang/invoke/VarHandleLongs$FieldInstanceReadWrite done
Event: 5.038 Loading class java/util/concurrent/CompletableFuture$Signaller
Event: 5.038 Loading class java/util/concurrent/ThreadPoolExecutor$Worker
Event: 5.038 Loading class java/util/concurrent/ThreadPoolExecutor$Worker done
Event: 5.038 Loading class java/util/concurrent/CompletableFuture$Signaller done
Event: 5.038 Loading class java/util/concurrent/ForkJoinWorkerThread
Event: 5.039 Loading class java/util/concurrent/ForkJoinWorkerThread done
Event: 5.049 Loading class java/util/function/IntBinaryOperator
Event: 5.049 Loading class java/util/function/IntBinaryOperator done

Classes unloaded (0 events):
No events

Classes redefined (0 events):
No events

Internal exceptions (13 events):
Event: 3.338 Thread 0x00000151f369be10 Exception <a 'sun/nio/fs/WindowsException'{0x00000000890b2608}> (0x00000000890b2608) 
thrown [s\src\hotspot\share\prims\jni.cpp, line 535]
Event: 4.009 Thread 0x00000151f369be10 Exception <a 'java/lang/NoSuchMethodError'{0x0000000088e522d0}: 'java.lang.Object java.lang.invoke.DirectMethodHandle$Holder.invokeStaticInit(java.lang.Object, java.lang.Object, int, int, int, int)'> (0x0000000088e522d0) 
thrown [s\src\hotspot\share\interpreter\linkResolver.cpp, line 815]
Event: 4.120 Thread 0x00000151f369be10 Exception <a 'java/lang/NoSuchMethodError'{0x0000000088ee2598}: 'int java.lang.invoke.DirectMethodHandle$Holder.invokeSpecialIFC(java.lang.Object, java.lang.Object, java.lang.Object)'> (0x0000000088ee2598) 
thrown [s\src\hotspot\share\interpreter\linkResolver.cpp, line 815]
Event: 4.311 Thread 0x00000151f369be10 Exception <a 'java/lang/NoSuchMethodError'{0x0000000088de5be0}: 'long java.lang.invoke.DirectMethodHandle$Holder.invokeSpecial(java.lang.Object, java.lang.Object)'> (0x0000000088de5be0) 
thrown [s\src\hotspot\share\interpreter\linkResolver.cpp, line 815]
Event: 4.314 Thread 0x00000151f369be10 Exception <a 'java/lang/NoSuchMethodError'{0x0000000088dfcc00}: 'int java.lang.invoke.DirectMethodHandle$Holder.invokeStatic(java.lang.Object, java.lang.Object, java.lang.Object, java.lang.Object)'> (0x0000000088dfcc00) 
thrown [s\src\hotspot\share\interpreter\linkResolver.cpp, line 815]
Event: 4.886 Thread 0x00000151f369be10 Exception <a 'java/lang/NoSuchMethodError'{0x0000000088b61480}: 'java.lang.Object java.lang.invoke.DirectMethodHandle$Holder.newInvokeSpecial(java.lang.Object, java.lang.Object, java.lang.Object, java.lang.Object, java.lang.Object)'> (0x0000000088b61480) 
thrown [s\src\hotspot\share\interpreter\linkResolver.cpp, line 815]
Event: 4.962 Thread 0x00000151f369be10 Exception <a 'java/lang/NoSuchMethodError'{0x0000000088ad5db8}: 'java.lang.Object java.lang.invoke.Invokers$Holder.linkToTargetMethod(java.lang.Object, java.lang.Object, int, java.lang.Object)'> (0x0000000088ad5db8) 
thrown [s\src\hotspot\share\interpreter\linkResolver.cpp, line 815]
Event: 4.971 Thread 0x00000151f369be10 Exception <a 'java/lang/NoSuchMethodError'{0x0000000088af84e0}: 'void java.lang.invoke.DirectMethodHandle$Holder.invokeSpecial(java.lang.Object, java.lang.Object, java.lang.Object)'> (0x0000000088af84e0) 
thrown [s\src\hotspot\share\interpreter\linkResolver.cpp, line 815]
Event: 4.998 Thread 0x00000151ff4430b0 Exception <a 'java/lang/NoSuchMethodError'{0x0000000088b94818}: 'int java.lang.invoke.DirectMethodHandle$Holder.invokeStatic(java.lang.Object, int, java.lang.Object)'> (0x0000000088b94818) 
thrown [s\src\hotspot\share\interpreter\linkResolver.cpp, line 815]
Event: 5.001 Thread 0x00000151ff4430b0 Exception <a 'java/lang/NoSuchMethodError'{0x0000000088babe40}: 'void java.lang.invoke.DirectMethodHandle$Holder.invokeStatic(java.lang.Object, java.lang.Object, int)'> (0x0000000088babe40) 
thrown [s\src\hotspot\share\interpreter\linkResolver.cpp, line 815]
Event: 5.003 Thread 0x00000151ff4430b0 Exception <a 'java/lang/NoSuchMethodError'{0x0000000088bbb590}: 'java.lang.Object java.lang.invoke.DirectMethodHandle$Holder.newInvokeSpecial(java.lang.Object, java.lang.Object, int)'> (0x0000000088bbb590) 
thrown [s\src\hotspot\share\interpreter\linkResolver.cpp, line 815]
Event: 5.009 Thread 0x00000151f369be10 Exception <a 'java/lang/NoSuchMethodError'{0x00000000889bfc30}: 'void java.lang.invoke.DirectMethodHandle$Holder.invokeSpecial(java.lang.Object, java.lang.Object, java.lang.Object, java.lang.Object, java.lang.Object)'> (0x00000000889bfc30) 
thrown [s\src\hotspot\share\interpreter\linkResolver.cpp, line 815]
Event: 5.044 Thread 0x00000151ff7ad370 Exception <a 'java/lang/NoSuchMethodError'{0x00000000888117e8}: 'void java.lang.invoke.DirectMethodHandle$Holder.invokeInterface(java.lang.Object, java.lang.Object, java.lang.Object)'> (0x00000000888117e8) 
thrown [s\src\hotspot\share\interpreter\linkResolver.cpp, line 815]

VM Operations (8 events):
Event: 2.087 Executing non-safepoint VM operation: HandshakeAllThreads (Deoptimize)
Event: 2.087 Executing non-safepoint VM operation: HandshakeAllThreads (Deoptimize) done
Event: 2.711 Executing non-safepoint VM operation: HandshakeAllThreads (Deoptimize)
Event: 2.711 Executing non-safepoint VM operation: HandshakeAllThreads (Deoptimize) done
Event: 3.738 Executing non-safepoint VM operation: HandshakeAllThreads (Deoptimize)
Event: 3.738 Executing non-safepoint VM operation: HandshakeAllThreads (Deoptimize) done
Event: 4.317 Executing non-safepoint VM operation: HandshakeAllThreads (Deoptimize)
Event: 4.317 Executing non-safepoint VM operation: HandshakeAllThreads (Deoptimize) done

Memory protections (0 events):
No events

Nmethod flushes (0 events):
No events

Events (19 events):
Event: 0.186 Thread 0x00000151f369be10 Thread added: 0x00000151f369be10
Event: 1.141 Thread 0x00000151f369be10 Thread added: 0x00000151fea172b0
Event: 1.181 Thread 0x00000151f369be10 Thread added: 0x00000151febb48b0
Event: 1.182 Thread 0x00000151f369be10 Thread added: 0x00000151febb9720
Event: 1.187 Thread 0x00000151f369be10 Thread added: 0x00000151febbd300
Event: 1.187 Thread 0x00000151f369be10 Thread added: 0x00000151febbdec0
Event: 1.187 Thread 0x00000151f369be10 Thread added: 0x00000151febe0f20
Event: 1.187 Thread 0x00000151f369be10 Thread added: 0x00000151febe16e0
Event: 1.187 Thread 0x00000151f369be10 Thread added: 0x00000151fea2b5f0
Event: 1.188 Thread 0x00000151f369be10 Thread added: 0x00000151fea352e0
Event: 1.484 Thread 0x00000151f369be10 Thread added: 0x00000151fed28a20
Event: 1.667 Loaded shared library C:\Program Files\JetBrains\PhpStorm 2026.1.2\jbr\bin\net.dll
Event: 1.763 Loaded shared library C:\Program Files\JetBrains\PhpStorm 2026.1.2\jbr\bin\nio.dll
Event: 2.081 Loaded shared library C:\Program Files\JetBrains\PhpStorm 2026.1.2\jbr\bin\zip.dll
Event: 3.408 Loaded shared library C:\Program Files\JetBrains\PhpStorm 2026.1.2\jbr\bin\jimage.dll
Event: 4.607 Loaded shared library C:\Program Files\JetBrains\PhpStorm 2026.1.2\jbr\bin\sunmscapi.dll
Event: 4.866 Loaded shared library C:\Program Files\JetBrains\PhpStorm 2026.1.2\jbr\bin\extnet.dll
Event: 4.877 Thread 0x00000151f369be10 Thread added: 0x00000151ff4430b0
Event: 5.041 Thread 0x00000151ff4430b0 Thread added: 0x00000151ff7ad370


Dynamic libraries:
0x00007ff6383f0000 - 0x00007ff6383fa000 	C:\Program Files\JetBrains\PhpStorm 2026.1.2\jbr\bin\java.exe
0x00007fff984d0000 - 0x00007fff986c8000 	C:\WINDOWS\SYSTEM32\ntdll.dll
0x00007fff97ae0000 - 0x00007fff97ba2000 	C:\WINDOWS\System32\KERNEL32.DLL
0x00007fff96150000 - 0x00007fff96446000 	C:\WINDOWS\System32\KERNELBASE.dll
0x00007fff95c90000 - 0x00007fff95d90000 	C:\WINDOWS\System32\ucrtbase.dll
0x00007fff90750000 - 0x00007fff9076e000 	C:\Program Files\JetBrains\PhpStorm 2026.1.2\jbr\bin\VCRUNTIME140.dll
0x00007fff80490000 - 0x00007fff804a7000 	C:\Program Files\JetBrains\PhpStorm 2026.1.2\jbr\bin\jli.dll
0x00007fff978c0000 - 0x00007fff97a61000 	C:\WINDOWS\System32\USER32.dll
0x00007fff817c0000 - 0x00007fff81a5b000 	C:\WINDOWS\WinSxS\amd64_microsoft.windows.common-controls_6595b64144ccf1df_6.0.19041.6456_none_60b8a6cb71f64256\COMCTL32.dll
0x00007fff95c10000 - 0x00007fff95c32000 	C:\WINDOWS\System32\win32u.dll
0x00007fff97290000 - 0x00007fff972bb000 	C:\WINDOWS\System32\GDI32.dll
0x00007fff96fb0000 - 0x00007fff9704e000 	C:\WINDOWS\System32\msvcrt.dll
0x00007fff95d90000 - 0x00007fff95ea9000 	C:\WINDOWS\System32\gdi32full.dll
0x00007fff96450000 - 0x00007fff964ed000 	C:\WINDOWS\System32\msvcp_win.dll
0x00007fff96ac0000 - 0x00007fff96aef000 	C:\WINDOWS\System32\IMM32.DLL
0x00007fff92940000 - 0x00007fff9294c000 	C:\Program Files\JetBrains\PhpStorm 2026.1.2\jbr\bin\vcruntime140_1.dll
0x00007fff88da0000 - 0x00007fff88e29000 	C:\Program Files\JetBrains\PhpStorm 2026.1.2\jbr\bin\msvcp140.dll
0x00007fff765d0000 - 0x00007fff77522000 	C:\Program Files\JetBrains\PhpStorm 2026.1.2\jbr\bin\server\jvm.dll
0x00007fff96e10000 - 0x00007fff96ec1000 	C:\WINDOWS\System32\ADVAPI32.dll
0x00007fff97bb0000 - 0x00007fff97c4f000 	C:\WINDOWS\System32\sechost.dll
0x00007fff96b70000 - 0x00007fff96c90000 	C:\WINDOWS\System32\RPCRT4.dll
0x00007fff96120000 - 0x00007fff96147000 	C:\WINDOWS\System32\bcrypt.dll
0x00007fff97a70000 - 0x00007fff97adb000 	C:\WINDOWS\System32\WS2_32.dll
0x00007fff959c0000 - 0x00007fff95a0b000 	C:\WINDOWS\SYSTEM32\POWRPROF.dll
0x00007fff870f0000 - 0x00007fff87117000 	C:\WINDOWS\SYSTEM32\WINMM.dll
0x00007fff86f30000 - 0x00007fff86f3a000 	C:\WINDOWS\SYSTEM32\VERSION.dll
0x00007fff959a0000 - 0x00007fff959b2000 	C:\WINDOWS\SYSTEM32\UMPDC.dll
0x00007fff939d0000 - 0x00007fff939e2000 	C:\WINDOWS\SYSTEM32\kernel.appcore.dll
0x00007fff92810000 - 0x00007fff9281a000 	C:\Program Files\JetBrains\PhpStorm 2026.1.2\jbr\bin\jimage.dll
0x00007fff87180000 - 0x00007fff87381000 	C:\WINDOWS\SYSTEM32\DBGHELP.DLL
0x00007fff86fd0000 - 0x00007fff87004000 	C:\WINDOWS\SYSTEM32\dbgcore.DLL
0x00007fff96090000 - 0x00007fff96112000 	C:\WINDOWS\System32\bcryptPrimitives.dll
0x00007fff90640000 - 0x00007fff9065f000 	C:\Program Files\JetBrains\PhpStorm 2026.1.2\jbr\bin\java.dll
0x00007fff964f0000 - 0x00007fff9661b000 	C:\WINDOWS\System32\ole32.dll
0x00007fff96620000 - 0x00007fff96974000 	C:\WINDOWS\System32\combase.dll
0x00007fff97d00000 - 0x00007fff98470000 	C:\WINDOWS\System32\SHELL32.dll
0x00007fff8fb80000 - 0x00007fff8fb97000 	C:\Program Files\JetBrains\PhpStorm 2026.1.2\jbr\bin\zip.dll
0x00007fff93bd0000 - 0x00007fff94375000 	C:\WINDOWS\SYSTEM32\windows.storage.dll
0x00007fff954b0000 - 0x00007fff954db000 	C:\WINDOWS\SYSTEM32\Wldp.dll
0x00007fff96980000 - 0x00007fff96a4d000 	C:\WINDOWS\System32\OLEAUT32.dll
0x00007fff973a0000 - 0x00007fff9744d000 	C:\WINDOWS\System32\SHCORE.dll
0x00007fff96ed0000 - 0x00007fff96f2b000 	C:\WINDOWS\System32\shlwapi.dll
0x00007fff95a90000 - 0x00007fff95ab4000 	C:\WINDOWS\SYSTEM32\profapi.dll
0x00007fff8a060000 - 0x00007fff8a072000 	C:\Program Files\JetBrains\PhpStorm 2026.1.2\jbr\bin\net.dll
0x00007fff95210000 - 0x00007fff9527a000 	C:\WINDOWS\system32\mswsock.dll
0x00007fff898c0000 - 0x00007fff898d6000 	C:\Program Files\JetBrains\PhpStorm 2026.1.2\jbr\bin\nio.dll
0x00007fff95400000 - 0x00007fff95418000 	C:\WINDOWS\SYSTEM32\CRYPTSP.dll
0x00007fff94b30000 - 0x00007fff94b68000 	C:\WINDOWS\system32\rsaenh.dll
0x00007fff95a10000 - 0x00007fff95a3e000 	C:\WINDOWS\SYSTEM32\USERENV.dll
0x00007fff95420000 - 0x00007fff9542c000 	C:\WINDOWS\SYSTEM32\CRYPTBASE.dll
0x00007fff94ef0000 - 0x00007fff94f2b000 	C:\WINDOWS\SYSTEM32\IPHLPAPI.DLL
0x00007fff96f30000 - 0x00007fff96f38000 	C:\WINDOWS\System32\NSI.dll
0x00007fff90490000 - 0x00007fff9049e000 	C:\Program Files\JetBrains\PhpStorm 2026.1.2\jbr\bin\sunmscapi.dll
0x00007fff95f30000 - 0x00007fff9608d000 	C:\WINDOWS\System32\CRYPT32.dll
0x00007fff95520000 - 0x00007fff95547000 	C:\WINDOWS\SYSTEM32\ncrypt.dll
0x00007fff954e0000 - 0x00007fff9551b000 	C:\WINDOWS\SYSTEM32\NTASN1.dll
0x00007fff90550000 - 0x00007fff90557000 	C:\WINDOWS\system32\wshunix.dll
0x00007fff903d0000 - 0x00007fff903d9000 	C:\Program Files\JetBrains\PhpStorm 2026.1.2\jbr\bin\extnet.dll

JVMTI agents: none

dbghelp: loaded successfully - version: 4.0.5 - missing functions: none
symbol engine: initialized successfully - sym options: 0x614 - pdb path: .;C:\Program Files\JetBrains\PhpStorm 2026.1.2\jbr\bin;C:\WINDOWS\SYSTEM32;C:\WINDOWS\WinSxS\amd64_microsoft.windows.common-controls_6595b64144ccf1df_6.0.19041.6456_none_60b8a6cb71f64256;C:\Program Files\JetBrains\PhpStorm 2026.1.2\jbr\bin\server

VM Arguments:
java_command: git4idea.http.GitAskPassApp Username for 'https://github.com': 
java_class_path (initial): C:/Program Files/JetBrains/PhpStorm 2026.1.2/plugins/vcs-git/lib/git4idea-rt.jar;C:/Program Files/JetBrains/PhpStorm 2026.1.2/lib/externalProcess-rt.jar
Launcher Type: SUN_STANDARD

[Global flags]
     intx CICompilerCount                          = 3                                         {product} {ergonomic}
     uint ConcGCThreads                            = 1                                         {product} {ergonomic}
     uint G1ConcRefinementThreads                  = 4                                         {product} {ergonomic}
   size_t G1HeapRegionSize                         = 1048576                                   {product} {ergonomic}
   size_t InitialHeapSize                          = 134217728                                 {product} {ergonomic}
   size_t MarkStackSize                            = 4194304                                   {product} {ergonomic}
   size_t MarkStackSizeMax                         = 536870912                                 {product} {ergonomic}
   size_t MaxHeapSize                              = 2126512128                                {product} {ergonomic}
   size_t MaxNewSize                               = 1275068416                                {product} {ergonomic}
   size_t MinHeapDeltaBytes                        = 1048576                                   {product} {ergonomic}
   size_t MinHeapSize                              = 8388608                                   {product} {ergonomic}
    uintx NonNMethodCodeHeapSize                   = 5832704                                {pd product} {ergonomic}
    uintx NonProfiledCodeHeapSize                  = 122945536                              {pd product} {ergonomic}
    uintx ProfiledCodeHeapSize                     = 122880000                              {pd product} {ergonomic}
    uintx ReservedCodeCacheSize                    = 251658240                              {pd product} {ergonomic}
     bool SegmentedCodeCache                       = true                                      {product} {ergonomic}
   size_t SoftMaxHeapSize                          = 2126512128                             {manageable} {ergonomic}
     bool UseCompressedOops                        = true                           {product lp64_product} {ergonomic}
     bool UseG1GC                                  = true                                      {product} {ergonomic}
     bool UseLargePagesIndividualAllocation        = false                                  {pd product} {ergonomic}

Logging:
Log output configuration:
 #0: stdout all=warning uptime,level,tags foldmultilines=false
 #1: stderr all=off uptime,level,tags foldmultilines=false

Release file:
JAVA_VERSION="25.0.2" 
MODULES="java.base java.datatransfer java.xml java.prefs java.desktop gluegen.rt java.compiler java.instrument java.logging java.management java.security.sasl java.naming java.rmi java.management.rmi java.net.http java.scripting java.security.jgss java.transaction.xa java.sql java.sql.rowset java.xml.crypto java.se java.smartcardio jogl.all jcef jdk.accessibility jdk.internal.jvmstat jdk.attach jdk.charsets jdk.internal.opt jdk.zipfs jdk.compiler jdk.crypto.cryptoki jdk.crypto.ec jdk.crypto.mscapi jdk.dynalink jdk.hotspot.agent jdk.httpserver jdk.internal.ed jdk.internal.le jdk.internal.md jdk.internal.vm.ci jdk.javadoc jdk.jcmd jdk.jdwp.agent jdk.jdi jdk.jfr jdk.localedata jdk.management jdk.management.agent jdk.management.jfr jdk.naming.dns jdk.naming.rmi jdk.net jdk.sctp jdk.security.auth jdk.security.jgss jdk.unsupported jdk.unsupported.desktop jdk.xml.dom" 
IMPLEMENTOR="JetBrains s.r.o." 
IMPLEMENTOR_VERSION="JBR-25.0.2+1-329.117-jcef" 
JAVA_RUNTIME_VERSION="25.0.2+1-b329.117" 
LIBC="default" 
OS_ARCH="x86_64" 
OS_NAME="Windows" 
SOURCE=".:git:b692a8ec6ff7+ jcef_git:git:4a605f44671a" 
JCEF_VERSION="137.0.17.1142+g68de80b" 
JCEF_COMMIT_HASH="68de80bc86de497c8d0632ad0f8fe33625b33bff" 
JCEF_VERSION_DETAILED=137.0.17-gf354b0e-chromium-137.0.7151.104-api-1.21-261-b81

Environment Variables:
JAVA_HOME=C:\Program Files\Java\jdk-22
PATH=C:/Program Files/Git/mingw64/libexec/git-core;C:/Program Files/Git/mingw64/libexec/git-core;C:\Program Files\Git\mingw64\bin;C:\Program Files\Git\usr\bin;C:\Users\Chamod_JD\bin;C:\Program Files\Common Files\Oracle\Java\javapath;C:\Program Files (x86)\Common Files\Oracle\Java\java8path;C:\Program Files (x86)\Common Files\Oracle\Java\javapath;C:\Program Files (x86)\Pervasive Software\PSQL\bin\;C:\WINDOWS\system32;C:\WINDOWS;C:\WINDOWS\System32\Wbem;C:\WINDOWS\System32\WindowsPowerShell\v1.0\;C:\WINDOWS\System32\OpenSSH\;C:\Program Files\Java\jdk-22\bin;C:\Program Files\nodejs\;C:\Program Files\Git\cmd;C:\Users\Chamod_JD\.local\bin;C:\Users\Chamod_JD\AppData\Local\Microsoft\WindowsApps;C:\Users\Chamod_JD\AppData\Local\Programs\Microsoft VS Code\bin;C:\Users\Chamod_JD\AppData\Local\Programs\mongosh\;C:\Users\Chamod_JD\AppData\Roaming\npm;C:\xampp\php;C:\Users\Chamod_JD\composer;C:\Users\Chamod_JD\AppData\Roaming\Composer\vendor\bin;C:\Program Files\JetBrains\PhpStorm 2026.1.2\bin
USERNAME=Chamod_JD
DISPLAY=:0.0
LC_ALL=en_US.UTF-8
TERM=xterm-256color
TMPDIR=C:\Users\CHAMOD~1\AppData\Local\Temp
OS=Windows_NT
PROCESSOR_IDENTIFIER=Intel64 Family 6 Model 42 Stepping 7, GenuineIntel
TMP=C:\Users\CHAMOD~1\AppData\Local\Temp
TEMP=C:\Users\CHAMOD~1\AppData\Local\Temp




Compilation memory statistics disabled.

Periodic native trim disabled

JNI global refs:
JNI global refs: 18, weak refs: 0

JNI global refs memory usage: 835, weak refs: 201

Process memory usage:
Resident Set Size: 71168K (0% of 8300072K total physical memory with 769508K free physical memory)

OOME stack traces (most recent first):
Classloader memory used:
Loader bootstrap                                                                       : 14982 K
Loader jdk.internal.loader.ClassLoaders$PlatformClassLoader                            : 1195 K
Loader jdk.internal.loader.ClassLoaders$AppClassLoader                                 : 27328 B

---------------  S Y S T E M  ---------------

OS:
 Windows 10 , 64 bit Build 19041 (10.0.19041.5915)
OS uptime: 0 days 9:28 hours

CPU: total 4 (initial active 4) (2 cores per cpu, 2 threads per core) family 6 model 42 stepping 7 microcode 0x2f, cx8, cmov, fxsr, ht, mmx, sse, sse2, sse3, ssse3, sse4.1, sse4.2, popcnt, tsc, tscinvbit, avx, aes, clmul, vzeroupper, clflush, rdtscp
Processor Information for the first 4 processors :
  Max Mhz: 2301, Current Mhz: 2301, Mhz Limit: 2301

Memory: 4k page, system-wide physical 8105M (751M free)
TotalPageFile size 10153M (AvailPageFile size 5M)
current process WorkingSet (physical memory assigned to process): 69M, peak: 69M
current process commit charge ("private bytes"): 214M, peak: 216M

vm_info: OpenJDK 64-Bit Server VM (25.0.2+1-b329.117) for windows-amd64 JRE (25.0.2+1-b329.117), built on 2026-04-20 with MS VC++ 17.14 (VS2022)

END.
